uint8_t abutton[] =
{
     16,  16,   0,   0,   0, 248, 248, 252,  28, 254,  12, 254,   4, 254, 228, 254,
     84, 254,  84, 254, 228, 254,   4, 254,  12, 254,  28, 254, 248, 252,   0, 248,
      0,   0,   0,   0,   0,  31,  31,  63,  63, 127,  62, 127,  60, 127,  61, 127,
     60, 127,  60, 127,  61, 127,  60, 127,  62, 127,  63, 127,  31,  63,   0,  31,
      0,   0,   0,   0,   0, 248, 248, 252,  28, 254,  12, 254,   4, 254, 228, 254,
     84, 254,  84, 254, 228, 254,   4, 254,  12, 254,  28, 254, 248, 252,   0, 248,
      0,   0,   0,   0,   0,  31,  31,  63,  62, 127,  60, 127,  56, 127,  57, 127,
     56, 127,  56, 127,  57, 127,  56, 127,  60, 127,  62, 127,  31,  63,   0,  31,
      0,   0,   0,   0,   0, 248, 248, 252,  28, 254,  12, 254,   4, 254,   4, 254,
      4, 254,   4, 254,   4, 254,   4, 254,  12, 254,  28, 254, 248, 252,   0, 248,
      0,   0,   0,   0,   0,  31,   7,  63,  14, 127,  12, 127,   8, 127,   8, 127,
      8, 127,   8, 127,   8, 127,   8, 127,  12, 127,  14, 127,   7,  63,   0,  31,
      0,   0,   0,   0,   0, 240, 240, 248,  56, 252,  24, 252,   8, 252, 200, 252,
    168, 252, 168, 252, 200, 252,   8, 252,  24, 252,  56, 252, 240, 248,   0, 240,
      0,   0,   0,   0,   0,  31,  31,  63,  62, 127,  60, 127,  56, 127,  59, 127,
     56, 127,  56, 127,  59, 127,  56, 127,  60, 127,  62, 127,  31,  63,   0,  31,
      0,   0,   0,   0,   0, 240, 240, 248,  56, 252,  24, 252,   8, 252, 200, 252,
    168, 252, 168, 252, 200, 252,   8, 252,  24, 252,  56, 252, 240, 248,   0, 240,
      0,   0,   0,   0,   0,  31,  31,  63,  60, 127,  56, 127,  48, 127,  51, 127,
     48, 127,  48, 127,  51, 127,  48, 127,  56, 127,  60, 127,  31,  63,   0,  31,
      0,   0,   0,   0,   0, 240, 240, 248,  56, 252,  24, 252,   8, 252,   8, 252,
      8, 252,   8, 252,   8, 252,   8, 252,  24, 252,  56, 252, 240, 248,   0, 240,
      0,   0,   0,   0,   0,  31,  15,  63,  28, 127,  24, 127,  16, 127,  16, 127,
     16, 127,  16, 127,  16, 127,  16, 127,  24, 127,  28, 127,  15,  63,   0,  31,
      0,   0,   0,   0,   0, 248, 248, 252,  28, 254,  12, 254,   4, 254, 228, 254,
     84, 254,  84, 254, 228, 254,   4, 254,  12, 254,  28, 254, 248, 252,   0, 248,
      0,   0,   0,   0,   0,  31,  31,  63,  63, 127,  62, 127,  60, 127,  61, 127,
     60, 127,  60, 127,  61, 127,  60, 127,  62, 127,  63, 127,  31,  63,   0,  31,
      0,   0,   0,   0,   0, 248, 248, 252,  28, 254,  12, 254,   4, 254, 228, 254,
     84, 254,  84, 254, 228, 254,   4, 254,  12, 254,  28, 254, 248, 252,   0, 248,
      0,   0,   0,   0,   0,  31,  31,  63,  62, 127,  60, 127,  56, 127,  57, 127,
     56, 127,  56, 127,  57, 127,  56, 127,  60, 127,  62, 127,  31,  63,   0,  31,
      0,   0,   0,   0,   0, 248, 248, 252,  28, 254,  12, 254,   4, 254,   4, 254,
      4, 254,   4, 254,   4, 254,   4, 254,  12, 254,  28, 254, 248, 252,   0, 248,
      0,   0,   0,   0,   0,  31,   7,  63,  14, 127,  12, 127,   8, 127,   8, 127,
      8, 127,   8, 127,   8, 127,   8, 127,  12, 127,  14, 127,   7,  63,   0,  31,
      0,   0,   0,   0,   0, 240, 240, 248,  56, 252,  24, 252,   8, 252, 200, 252,
    168, 252, 168, 252, 200, 252,   8, 252,  24, 252,  56, 252, 240, 248,   0, 240,
      0,   0,   0,   0,   0,  31,  31,  63,  62, 127,  60, 127,  56, 127,  59, 127,
     56, 127,  56, 127,  59, 127,  56, 127,  60, 127,  62, 127,  31,  63,   0,  31,
      0,   0,   0,   0,   0, 240, 240, 248,  56, 252,  24, 252,   8, 252, 200, 252,
    168, 252, 168, 252, 200, 252,   8, 252,  24, 252,  56, 252, 240, 248,   0, 240,
      0,   0,   0,   0,   0,  31,  31,  63,  60, 127,  56, 127,  48, 127,  51, 127,
     48, 127,  48, 127,  51, 127,  48, 127,  56, 127,  60, 127,  31,  63,   0,  31,
      0,   0,   0,   0,   0, 240, 240, 248,  56, 252,  24, 252,   8, 252,   8, 252,
      8, 252,   8, 252,   8, 252,   8, 252,  24, 252,  56, 252, 240, 248,   0, 240,
      0,   0,   0,   0,   0,  31,  15,  63,  28, 127,  24, 127,  16, 127,  16, 127,
     16, 127,  16, 127,  16, 127,  16, 127,  24, 127,  28, 127,  15,  63,   0,  31,
      0,   0, 
};
uint8_t bbutton[] =
{
     16,  16,   0,   0,   0, 240, 240, 248,  56, 252,  24, 252,   8, 252, 232, 252,
    168, 252, 168, 252, 104, 252,   8, 252,  24, 252,  56, 252, 240, 248,   0, 240,
      0,   0,   0,   0,   0,  31,  31,  63,  62, 127,  60, 127,  56, 127,  59, 127,
     58, 127,  58, 127,  59, 127,  56, 127,  60, 127,  62, 127,  31,  63,   0,  31,
      0,   0,   0,   0,   0, 240, 240, 248,  56, 252,  24, 252,   8, 252, 232, 252,
    168, 252, 168, 252, 104, 252,   8, 252,  24, 252,  56, 252, 240, 248,   0, 240,
      0,   0,   0,   0,   0,  31,  31,  63,  60, 127,  56, 127,  48, 127,  51, 127,
     50, 127,  50, 127,  51, 127,  48, 127,  56, 127,  60, 127,  31,  63,   0,  31,
      0,   0,   0,   0,   0, 240, 240, 248,  56, 252,  24, 252,   8, 252,   8, 252,
      8, 252,   8, 252,   8, 252,   8, 252,  24, 252,  56, 252, 240, 248,   0, 240,
      0,   0,   0,   0,   0,  31,  15,  63,  28, 127,  24, 127,  16, 127,  16, 127,
     16, 127,  16, 127,  16, 127,  16, 127,  24, 127,  28, 127,  15,  63,   0,  31,
      0,   0,   0,   0,   0, 248, 248, 252,  28, 254,  12, 254,   4, 254, 244, 254,
     84, 254,  84, 254, 180, 254,   4, 254,  12, 254,  28, 254, 248, 252,   0, 248,
      0,   0,   0,   0,   0,  31,  31,  63,  63, 127,  62, 127,  60, 127,  61, 127,
     61, 127,  61, 127,  61, 127,  60, 127,  62, 127,  63, 127,  31,  63,   0,  31,
      0,   0,   0,   0,   0, 248, 248, 252,  28, 254,  12, 254,   4, 254, 244, 254,
     84, 254,  84, 254, 180, 254,   4, 254,  12, 254,  28, 254, 248, 252,   0, 248,
      0,   0,   0,   0,   0,  31,  31,  63,  62, 127,  60, 127,  56, 127,  57, 127,
     57, 127,  57, 127,  57, 127,  56, 127,  60, 127,  62, 127,  31,  63,   0,  31,
      0,   0,   0,   0,   0, 248, 248, 252,  28, 254,  12, 254,   4, 254,   4, 254,
      4, 254,   4, 254,   4, 254,   4, 254,  12, 254,  28, 254, 248, 252,   0, 248,
      0,   0,   0,   0,   0,  31,   7,  63,  14, 127,  12, 127,   8, 127,   8, 127,
      8, 127,   8, 127,   8, 127,   8, 127,  12, 127,  14, 127,   7,  63,   0,  31,
      0,   0,   0,   0,   0, 240, 240, 248,  56, 252,  24, 252,   8, 252, 232, 252,
    168, 252, 168, 252, 104, 252,   8, 252,  24, 252,  56, 252, 240, 248,   0, 240,
      0,   0,   0,   0,   0,  31,  31,  63,  62, 127,  60, 127,  56, 127,  59, 127,
     58, 127,  58, 127,  59, 127,  56, 127,  60, 127,  62, 127,  31,  63,   0,  31,
      0,   0,   0,   0,   0, 240, 240, 248,  56, 252,  24, 252,   8, 252, 232, 252,
    168, 252, 168, 252, 104, 252,   8, 252,  24, 252,  56, 252, 240, 248,   0, 240,
      0,   0,   0,   0,   0,  31,  31,  63,  60, 127,  56, 127,  48, 127,  51, 127,
     50, 127,  50, 127,  51, 127,  48, 127,  56, 127,  60, 127,  31,  63,   0,  31,
      0,   0,   0,   0,   0, 240, 240, 248,  56, 252,  24, 252,   8, 252,   8, 252,
      8, 252,   8, 252,   8, 252,   8, 252,  24, 252,  56, 252, 240, 248,   0, 240,
      0,   0,   0,   0,   0,  31,  15,  63,  28, 127,  24, 127,  16, 127,  16, 127,
     16, 127,  16, 127,  16, 127,  16, 127,  24, 127,  28, 127,  15,  63,   0,  31,
      0,   0,   0,   0,   0, 248, 248, 252,  28, 254,  12, 254,   4, 254, 244, 254,
     84, 254,  84, 254, 180, 254,   4, 254,  12, 254,  28, 254, 248, 252,   0, 248,
      0,   0,   0,   0,   0,  31,  31,  63,  63, 127,  62, 127,  60, 127,  61, 127,
     61, 127,  61, 127,  61, 127,  60, 127,  62, 127,  63, 127,  31,  63,   0,  31,
      0,   0,   0,   0,   0, 248, 248, 252,  28, 254,  12, 254,   4, 254, 244, 254,
     84, 254,  84, 254, 180, 254,   4, 254,  12, 254,  28, 254, 248, 252,   0, 248,
      0,   0,   0,   0,   0,  31,  31,  63,  62, 127,  60, 127,  56, 127,  57, 127,
     57, 127,  57, 127,  57, 127,  56, 127,  60, 127,  62, 127,  31,  63,   0,  31,
      0,   0,   0,   0,   0, 248, 248, 252,  28, 254,  12, 254,   4, 254,   4, 254,
      4, 254,   4, 254,   4, 254,   4, 254,  12, 254,  28, 254, 248, 252,   0, 248,
      0,   0,   0,   0,   0,  31,   7,  63,  14, 127,  12, 127,   8, 127,   8, 127,
      8, 127,   8, 127,   8, 127,   8, 127,  12, 127,  14, 127,   7,  63,   0,  31,
      0,   0, 
};
uint8_t peel[] =
{
     77,  64,   0,  63,  48, 255, 252, 255, 248, 254, 252, 252, 240, 248, 224, 240,
    192, 224, 128, 192,   0, 128,   0,   0,   0,   0,   0,   0,   0,   0,   0,   0,
      0,   0,   0,   0,   0,   0,   0,   0,   0,   0,   0,   0,   0,   0,   0,   0,
      0,   0,   0,   0,   0,   0,   0,   0,   0,   0,   0,   0,   0,   0,   0,   0,
      0,   0,   0,   0,   0,   0,   0,   0,   0,   0,   0,   0,   0,   0,   0,   0,
      0,   0,   0,   0,   0,   0,   0,   0,   0,   0,   0,   0,   0,   0,   0,   0,
      0,   0,   0,   0,   0,   0,   0,   0,   0,   0,   0,   0,   0,   0,   0,   0,
      0,   0,   0,   0,   0,   0,   0,   0,   0,   0,   0,   0,   0,   0,   0,   0,
      0,   0,   0,   0,   0,   0,   0,   0,   0,   0,   0,   0,   0,   0,   0,   0,
      0,   0,   0,   0,   0,   0,   0,   0,   0,   0,   0,   0,   0,   0,   0,   0,
      0,   3,   3,  31,  31, 255, 255, 255, 255, 255, 255, 255, 255, 255, 255, 255,
    254, 255, 254, 255, 252, 254, 252, 254, 248, 252, 248, 252, 240, 248, 224, 240,
    224, 240, 192, 224, 192, 224, 128, 192,   0, 128,   0,   0,   0,   0,   0,   0,
      0,   0,   0,   0,   0,   0,   0,   0,   0,   0,   0,   0,   0,   0,   0,   0,
      0,   0,   0,   0,   0,   0,   0,   0,   0,   0,   0,   0,   0,   0,   0,   0,
      0,   0,   0,   0,   0,   0,   0,   0,   0,   0,   0,   0,   0,   0,   0,   0,
      0,   0,   0,   0,   0,   0,   0,   0,   0,   0,   0,   0,   0,   0,   0,   0,
      0,   0,   0,   0,   0,   0,   0,   0,   0,   0,   0,   0,   0,   0,   0,   0,
      0,   0,   0,   0,   0,   0,   0,   0,   0,   0,   0,   0,   0,   0,   0,   0,
      0,   0,   0,   0,   0,   0,   0,   0,   0,   0,   0,   0,   0,   0,   0,  31,
     15, 255, 127, 255, 255, 255, 255, 255, 255, 255, 255, 255, 255, 255, 255, 255,
    255, 255, 255, 255, 255, 255, 255, 255, 255, 255, 255, 255, 255, 255, 255, 255,
    255, 255, 255, 255, 254, 255, 252, 254, 248, 252, 240, 248, 240, 248, 224, 240,
    224, 240, 192, 224, 128, 192,   0, 128,   0, 128,   0,   0,   0,   0,   0,   0,
      0,   0,   0,   0,   0,   0,   0,   0,   0,   0,   0,   0,   0,   0,   0,   0,
      0,   0,   0,   0,   0,   0,   0,   0,   0,   0,   0,   0,   0,   0,   0,   0,
      0,   0,   0,   0,   0,   0,   0,   0,   0,   0,   0,   0,   0,   0,   0,   0,
      0,   0,   0,   0,   0,   0,   0,   0,   0,   0,   0,   0,   0,   0,   0,   0,
      0,   0,   0,   0,   0,   0,   0,   0,   0,   0,   0,   0,   0,   0,   0,   0,
      0,   0,   0,   0,   0,   0,   0,   0,   0,   0,   0,   0,   0,   1,   1,   3,
      3,  15,  15,  31,  31,  63,  63, 255, 127, 255, 255, 255, 255, 255, 255, 255,
    255, 255, 255, 255, 255, 255, 255, 255, 255, 255, 255, 255, 255, 255, 255, 255,
    255, 255, 255, 255, 255, 255, 255, 255, 255, 255, 255, 255, 255, 255, 255, 255,
    255, 255, 255, 255, 254, 255, 254, 255, 252, 254, 252, 254, 252, 254, 248, 252,
    248, 252, 248, 252, 248, 252, 248, 252, 248, 252, 248, 252, 248, 252, 248, 252,
    248, 252, 248, 252, 248, 252, 248, 252, 248, 252, 248, 252, 248, 252, 248, 252,
    248, 252, 248, 252, 248, 252, 248, 252, 248, 252, 248, 252, 248, 252, 248, 252,
    248, 252, 248, 252, 248, 252, 248, 252, 248, 252, 248, 252, 248, 252, 248, 252,
    240, 248, 240, 248, 240, 248, 224, 240,   0, 224,   0,   0,   0,   0,   0,   0,
      0,   0,   0,   0,   0,   0,   0,   0,   0,   0,   0,   0,   0,   0,   0,   0,
      0,   0,   0,   1,   0,   3,   0,   3,   1,   3,   3,   7,   3,   7,   3,   7,
      3,  15,   3,  15,  15,  31,  15,  63,  15,  63,  63, 127,  63, 127,  63, 127,
    127, 255, 127, 255, 127, 255, 127, 255, 255, 255, 255, 255, 255, 255, 255, 255,
    255, 255, 255, 255, 255, 255, 255, 255, 255, 255, 255, 255, 255, 255, 255, 255,
    255, 255, 255, 255, 255, 255, 255, 255, 255, 255, 255, 255, 255, 255, 255, 255,
    255, 255, 255, 255, 255, 255, 255, 255, 255, 255, 255, 255, 255, 255, 255, 255,
    255, 255, 255, 255, 255, 255, 255, 255, 255, 255, 255, 255, 255, 255, 255, 255,
    255, 255, 255, 255, 127, 255, 127, 255,  63, 127,  31,  63,  15,  31,   7,  15,
      3,   7,   0,   3,   0,   0,   0,   0,   0,   0,   0,   0,   0,   0,   0,   0,
      0,   0,   0,   0,   0,   0,   0,   0,   0,   0,   0,   0,   0,   0,   0,   0,
      0,   0,   0,   0,   0,   0,   0,   0,   0,   0,   0,   0,   0,   0,   0,   0,
      0,   0,   0,   0,   0,   0,   0,   0,   0,   0,   0,   0,   0,   0,   0,   0,
      0,   0,   0,   1,   0,   1,   0,   1,   0,   3,   1,   3,   1,   3,   1,   3,
      3,   7,   3,   7,   3,   7,   3,   7,   3,   7,   3,   7,   3,   7,   3,   7,
      3,   7,   3,   7,   3,   7,   3,   7,   3,   7,   3,   7,   3,   7,   3,   7,
      3,   7,   3,   7,   3,   7,   3,   7,   1,   3,   1,   3,   1,   3,   1,   3,
      0,   1,   0,   1,   0,   1,   0,   1,   0,   1,   0,   1,   0,   1,   0,   0,
      0,   0,   0,   0,   0,   0,   0,   0,   0,   0,   0,   0,   0,   0,   0,   0,
      0,   0,   0,   0,   0,   0,   0,   0,   0,   0,   0,   0,   0,   0,   0,   0,
      0,   0,   0,   0,   0,   0,   0,   0,   0,   0,   0,   0,   0,   0,   0,   0,
      0,   0,   0,   0,   0,   0,   0,   0,   0,   0,   0,   0,   0,   0,   0,   0,
      0,   0,   0,   0,   0,   0,   0,   0,   0,   0,   0,   0,   0,   0,   0,   0,
      0,   0,   0,   0,   0,   0,   0,   0,   0,   0,   0,   0,   0,   0,   0,   0,
      0,   0,   0,   0,   0,   0,   0,   0,   0,   0,   0,   0,   0,   0,   0,   0,
      0,   0,   0,   0,   0,   0,   0,   0,   0,   0,   0,   0,   0,   0,   0,   0,
      0,   0,   0,   0,   0,   0,   0,   0,   0,   0,   0,   0,   0,   0,   0,   0,
      0,   0,   0,   0,   0,   0,   0,   0,   0,   0,   0,   0,   0,   0,   0,   0,
      0,   0,   0,   0,   0,   0,   0,   0,   0,   0,   0,   0,   0,   0,   0,   0,
      0,   0,   0,   0,   0,   0,   0,   0,   0,   0,   0,   0,   0,   0,   0,   0,
      0,   0,   0,   0,   0,   0,   0,   0,   0,   0,   0,   0,   0,   0,   0,   0,
      0,   0,   0,   0,   0,   0,   0,   0,   0,   0,   0,   0,   0,   0,   0,   0,
      0,   0,   0,   0,   0,   0,   0,   0,   0,   0,   0,   0,   0,   0,   0,   0,
      0,   0,   0,   0,   0,   0,   0,   0,   0,   0,   0,   0,   0,   0,   0,   0,
      0,   0,   0,   0,   0,   0,   0,   0,   0,   0,   0,   0,   0,   0,   0,   0,
      0,   0,   0,   0,   0,   0,   0,   0,   0,   0,   0,   0,   0,   0,   0,   0,
      0,   0,   0,   0,   0,   0,   0,   0,   0,   0,   0,   0,   0,   0,   0,   0,
      0,   0,   0,   0,   0,   0,   0,   0,   0,   0,   0,   0,   0,   0,   0,   0,
      0,   0,   0,  63,   0, 255, 200, 255, 184, 254, 120, 252, 240, 248, 224, 240,
    192, 224, 128, 192,   0, 128,   0,   0,   0,   0,   0,   0,   0,   0,   0,   0,
      0,   0,   0,   0,   0,   0,   0,   0,   0,   0,   0,   0,   0,   0,   0,   0,
      0,   0,   0,   0,   0,   0,   0,   0,   0,   0,   0,   0,   0,   0,   0,   0,
      0,   0,   0,   0,   0,   0,   0,   0,   0,   0,   0,   0,   0,   0,   0,   0,
      0,   0,   0,   0,   0,   0,   0,   0,   0,   0,   0,   0,   0,   0,   0,   0,
      0,   0,   0,   0,   0,   0,   0,   0,   0,   0,   0,   0,   0,   0,   0,   0,
      0,   0,   0,   0,   0,   0,   0,   0,   0,   0,   0,   0,   0,   0,   0,   0,
      0,   0,   0,   0,   0,   0,   0,   0,   0,   0,   0,   0,   0,   0,   0,   0,
      0,   0,   0,   0,   0,   0,   0,   0,   0,   0,   0,   0,   0,   0,   0,   0,
      0,   3,   1,  31,  15, 255,  30, 255, 125, 255, 251, 255, 247, 255, 239, 255,
    222, 255,  62, 255, 252, 254, 252, 254, 248, 252, 248, 252, 240, 248, 224, 240,
    224, 240, 192, 224, 192, 224,   0, 192,   0, 128,   0,   0,   0,   0,   0,   0,
      0,   0,   0,   0,   0,   0,   0,   0,   0,   0,   0,   0,   0,   0,   0,   0,
      0,   0,   0,   0,   0,   0,   0,   0,   0,   0,   0,   0,   0,   0,   0,   0,
      0,   0,   0,   0,   0,   0,   0,   0,   0,   0,   0,   0,   0,   0,   0,   0,
      0,   0,   0,   0,   0,   0,   0,   0,   0,   0,   0,   0,   0,   0,   0,   0,
      0,   0,   0,   0,   0,   0,   0,   0,   0,   0,   0,   0,   0,   0,   0,   0,
      0,   0,   0,   0,   0,   0,   0,   0,   0,   0,   0,   0,   0,   0,   0,   0,
      0,   0,   0,   0,   0,   0,   0,   0,   0,   0,   0,   0,   0,   0,   0,  31,
      0, 255,   1, 255,   2, 255,  21, 255,  43, 255,  87, 255,  15, 255,  62, 255,
    253, 255,  59, 255, 247, 255, 119, 255, 239, 255, 223, 255, 191, 255, 191, 255,
    191, 255, 127, 255, 126, 255, 252, 254, 248, 252, 240, 248, 240, 248, 224, 240,
    224, 240, 192, 224, 128, 192,   0, 128,   0, 128,   0,   0,   0,   0,   0,   0,
      0,   0,   0,   0,   0,   0,   0,   0,   0,   0,   0,   0,   0,   0,   0,   0,
      0,   0,   0,   0,   0,   0,   0,   0,   0,   0,   0,   0,   0,   0,   0,   0,
      0,   0,   0,   0,   0,   0,   0,   0,   0,   0,   0,   0,   0,   0,   0,   0,
      0,   0,   0,   0,   0,   0,   0,   0,   0,   0,   0,   0,   0,   0,   0,   0,
      0,   0,   0,   0,   0,   0,   0,   0,   0,   0,   0,   0,   0,   0,   0,   0,
      0,   0,   0,   0,   0,   0,   0,   0,   0,   0,   0,   0,   0,   1,   0,   3,
      0,  15,   0,  31,   0,  63,   0, 255,   1, 255,   2, 255,   1, 255,   2, 255,
      5, 255,  10, 255,  21, 255,  43, 255,  87, 255,  15, 255, 175, 255,  95, 255,
    190, 255, 125, 255, 189, 255, 123, 255, 247, 255, 247, 255, 239, 255, 239, 255,
    223, 255, 223, 255, 222, 255, 190, 255, 188, 254, 188, 254, 188, 254, 120, 252,
    120, 252, 120, 252, 120, 252, 120, 252, 120, 252, 120, 252, 120, 252, 120, 252,
    248, 252, 248, 252, 248, 252, 248, 252, 248, 252, 248, 252, 248, 252, 248, 252,
    248, 252, 248, 252, 248, 252, 248, 252, 248, 252, 248, 252, 248, 252, 248, 252,
    248, 252, 248, 252, 248, 252, 248, 252, 248, 252, 248, 252, 248, 252, 248, 252,
    112, 248, 112, 248, 112, 248,  96, 240,   0, 224,   0,   0,   0,   0,   0,   0,
      0,   0,   0,   0,   0,   0,   0,   0,   0,   0,   0,   0,   0,   0,   0,   0,
      0,   0,   0,   1,   0,   3,   0,   3,   0,   3,   0,   7,   0,   7,   0,   7,
      0,  15,   0,  15,   0,  31,   0,  63,   1,  63,   0, 127,   1, 127,   0, 127,
      1, 255,   2, 255,   1, 255,   5, 255,   3, 255,   5, 255,  11, 255,   3, 255,
     23, 255,  11, 255,  23, 255,  15, 255,   7, 255,  15, 255,  23, 255,  15, 255,
     23, 255,  47, 255,  23, 255,  47, 255,   7, 255,  46, 255,  94, 255,  46, 255,
     30, 255,  14, 255,  94, 255,  46, 255,  94, 255,  46, 255,  93, 255,  45, 255,
     29, 255,  13, 255,  29, 255,  45, 255,  29, 255,  45, 255,  29, 255,  61, 255,
     29, 255,  61, 255,  62, 255, 126, 255,  62, 127,  31,  63,  15,  31,   7,  15,
      3,   7,   0,   3,   0,   0,   0,   0,   0,   0,   0,   0,   0,   0,   0,   0,
      0,   0,   0,   0,   0,   0,   0,   0,   0,   0,   0,   0,   0,   0,   0,   0,
      0,   0,   0,   0,   0,   0,   0,   0,   0,   0,   0,   0,   0,   0,   0,   0,
      0,   0,   0,   0,   0,   0,   0,   0,   0,   0,   0,   0,   0,   0,   0,   0,
      0,   0,   0,   1,   0,   1,   0,   1,   0,   3,   0,   3,   0,   3,   0,   3,
      0,   7,   0,   7,   0,   7,   0,   7,   0,   7,   0,   7,   0,   7,   0,   7,
      0,   7,   0,   7,   0,   7,   0,   7,   0,   7,   0,   7,   0,   7,   0,   7,
      0,   7,   0,   7,   0,   7,   0,   7,   0,   3,   0,   3,   0,   3,   0,   3,
      0,   1,   0,   1,   0,   1,   0,   1,   0,   1,   0,   1,   0,   1,   0,   0,
      0,   0,   0,   0,   0,   0,   0,   0,   0,   0,   0,   0,   0,   0,   0,   0,
      0,   0,   0,   0,   0,   0,   0,   0,   0,   0,   0,   0,   0,   0,   0,   0,
      0,   0,   0,   0,   0,   0,   0,   0,   0,   0,   0,   0,   0,   0,   0,   0,
      0,   0,   0,   0,   0,   0,   0,   0,   0,   0,   0,   0,   0,   0,   0,   0,
      0,   0,   0,   0,   0,   0,   0,   0,   0,   0,   0,   0,   0,   0,   0,   0,
      0,   0,   0,   0,   0,   0,   0,   0,   0,   0,   0,   0,   0,   0,   0,   0,
      0,   0,   0,   0,   0,   0,   0,   0,   0,   0,   0,   0,   0,   0,   0,   0,
      0,   0,   0,   0,   0,   0,   0,   0,   0,   0,   0,   0,   0,   0,   0,   0,
      0,   0,   0,   0,   0,   0,   0,   0,   0,   0,   0,   0,   0,   0,   0,   0,
      0,   0,   0,   0,   0,   0,   0,   0,   0,   0,   0,   0,   0,   0,   0,   0,
      0,   0,   0,   0,   0,   0,   0,   0,   0,   0,   0,   0,   0,   0,   0,   0,
      0,   0,   0,   0,   0,   0,   0,   0,   0,   0,   0,   0,   0,   0,   0,   0,
      0,   0,   0,   0,   0,   0,   0,   0,   0,   0,   0,   0,   0,   0,   0,   0,
      0,   0,   0,   0,   0,   0,   0,   0,   0,   0,   0,   0,   0,   0,   0,   0,
      0,   0,   0,   0,   0,   0,   0,   0,   0,   0,   0,   0,   0,   0,   0,   0,
      0,   0,   0,   0,   0,   0,   0,   0,   0,   0,   0,   0,   0,   0,   0,   0,
      0,   0,   0,   0,   0,   0,   0,   0,   0,   0,   0,   0,   0,   0,   0,   0,
      0,   0,   0,   0,   0,   0,   0,   0,   0,   0,   0,   0,   0,   0,   0,   0,
      0,   0,   0,   0,   0,   0,   0,   0,   0,   0,   0,   0,   0,   0,   0,   0,
      0,   0,   0,   0,   0,   0,   0,   0,   0,   0,   0,   0,   0,   0,   0,   0,
      0,   0,   0,  63,   0, 255,   8, 255,  56, 254, 112, 252, 224, 248, 192, 240,
    128, 224,   0, 192,   0, 128,   0,   0,   0,   0,   0,   0,   0,   0,   0,   0,
      0,   0,   0,   0,   0,   0,   0,   0,   0,   0,   0,   0,   0,   0,   0,   0,
      0,   0,   0,   0,   0,   0,   0,   0,   0,   0,   0,   0,   0,   0,   0,   0,
      0,   0,   0,   0,   0,   0,   0,   0,   0,   0,   0,   0,   0,   0,   0,   0,
      0,   0,   0,   0,   0,   0,   0,   0,   0,   0,   0,   0,   0,   0,   0,   0,
      0,   0,   0,   0,   0,   0,   0,   0,   0,   0,   0,   0,   0,   0,   0,   0,
      0,   0,   0,   0,   0,   0,   0,   0,   0,   0,   0,   0,   0,   0,   0,   0,
      0,   0,   0,   0,   0,   0,   0,   0,   0,   0,   0,   0,   0,   0,   0,   0,
      0,   0,   0,   0,   0,   0,   0,   0,   0,   0,   0,   0,   0,   0,   0,   0,
      0,   3,   0,  31,   0, 255,   0, 255,   1, 255,   3, 255,   7, 255,  14, 255,
     12, 255,  24, 255, 248, 254, 240, 254, 224, 252, 224, 252, 224, 248, 192, 240,
    128, 240,   0, 224,   0, 224,   0, 192,   0, 128,   0,   0,   0,   0,   0,   0,
      0,   0,   0,   0,   0,   0,   0,   0,   0,   0,   0,   0,   0,   0,   0,   0,
      0,   0,   0,   0,   0,   0,   0,   0,   0,   0,   0,   0,   0,   0,   0,   0,
      0,   0,   0,   0,   0,   0,   0,   0,   0,   0,   0,   0,   0,   0,   0,   0,
      0,   0,   0,   0,   0,   0,   0,   0,   0,   0,   0,   0,   0,   0,   0,   0,
      0,   0,   0,   0,   0,   0,   0,   0,   0,   0,   0,   0,   0,   0,   0,   0,
      0,   0,   0,   0,   0,   0,   0,   0,   0,   0,   0,   0,   0,   0,   0,   0,
      0,   0,   0,   0,   0,   0,   0,   0,   0,   0,   0,   0,   0,   0,   0,  31,
      0, 255,   0, 255,   0, 255,   0, 255,   0, 255,   0, 255,   0, 255,   0, 255,
      1, 255,   3, 255,   7, 255,   7, 255,  15, 255,  31, 255,  63, 255,  62, 255,
     60, 255, 120, 255, 120, 255, 240, 254, 224, 252, 192, 248, 128, 248, 128, 240,
      0, 240,   0, 224,   0, 192,   0, 128,   0, 128,   0,   0,   0,   0,   0,   0,
      0,   0,   0,   0,   0,   0,   0,   0,   0,   0,   0,   0,   0,   0,   0,   0,
      0,   0,   0,   0,   0,   0,   0,   0,   0,   0,   0,   0,   0,   0,   0,   0,
      0,   0,   0,   0,   0,   0,   0,   0,   0,   0,   0,   0,   0,   0,   0,   0,
      0,   0,   0,   0,   0,   0,   0,   0,   0,   0,   0,   0,   0,   0,   0,   0,
      0,   0,   0,   0,   0,   0,   0,   0,   0,   0,   0,   0,   0,   0,   0,   0,
      0,   0,   0,   0,   0,   0,   0,   0,   0,   0,   0,   0,   0,   1,   0,   3,
      0,  15,   0,  31,   0,  63,   0, 255,   0, 255,   0, 255,   0, 255,   0, 255,
      0, 255,   0, 255,   0, 255,   0, 255,   0, 255,   0, 255,   0, 255,   0, 255,
      0, 255,   1, 255,   1, 255,   3, 255,   7, 255,   7, 255,  15, 255,  15, 255,
     30, 255,  30, 255,  24, 255,  56, 255,  56, 254,  56, 254,  56, 254, 120, 252,
    112, 252, 112, 252, 112, 252, 112, 252, 112, 252, 112, 252, 112, 252, 112, 252,
    240, 252, 240, 252, 240, 252, 240, 252, 240, 252, 240, 252, 240, 252, 240, 252,
    248, 252, 248, 252, 248, 252, 248, 252, 248, 252, 248, 252, 248, 252, 240, 252,
    240, 252, 240, 252, 240, 252,  56, 252, 120, 252, 120, 252, 136, 252, 248, 252,
     16, 248, 112, 248, 112, 248,   0, 240,   0, 224,   0,   0,   0,   0,   0,   0,
      0,   0,   0,   0,   0,   0,   0,   0,   0,   0,   0,   0,   0,   0,   0,   0,
      0,   0,   0,   1,   0,   3,   0,   3,   0,   3,   0,   7,   0,   7,   0,   7,
      0,  15,   0,  15,   0,  31,   0,  63,   0,  63,   0, 127,   0, 127,   0, 127,
      0, 255,   0, 255,   0, 255,   0, 255,   0, 255,   0, 255,   0, 255,   0, 255,
      0, 255,   0, 255,   0, 255,   0, 255,   0, 255,   0, 255,   0, 255,   0, 255,
      0, 255,   0, 255,   0, 255,   0, 255,   0, 255,   0, 255,   0, 255,   0, 255,
      0, 255,   0, 255,   0, 255,   0, 255,   0, 255,   0, 255,   1, 255,   1, 255,
      1, 255,   1, 255,   1, 255,   1, 255,   0, 255,   1, 255,   1, 255,   1, 255,
      1, 255,   1, 255,   0, 255,   0, 255,   0, 127,   0,  63,   0,  31,   0,  15,
      0,   7,   0,   3,   0,   0,   0,   0,   0,   0,   0,   0,   0,   0,   0,   0,
      0,   0,   0,   0,   0,   0,   0,   0,   0,   0,   0,   0,   0,   0,   0,   0,
      0,   0,   0,   0,   0,   0,   0,   0,   0,   0,   0,   0,   0,   0,   0,   0,
      0,   0,   0,   0,   0,   0,   0,   0,   0,   0,   0,   0,   0,   0,   0,   0,
      0,   0,   0,   1,   0,   1,   0,   1,   0,   3,   0,   3,   0,   3,   0,   3,
      0,   7,   0,   7,   0,   7,   0,   7,   0,   7,   0,   7,   0,   7,   0,   7,
      0,   7,   0,   7,   0,   7,   0,   7,   0,   7,   0,   7,   0,   7,   0,   7,
      0,   7,   0,   7,   0,   7,   0,   7,   0,   3,   0,   3,   0,   3,   0,   3,
      0,   1,   0,   1,   0,   1,   0,   1,   0,   1,   0,   1,   0,   1,   0,   0,
      0,   0,   0,   0,   0,   0,   0,   0,   0,   0,   0,   0,   0,   0,   0,   0,
      0,   0,   0,   0,   0,   0,   0,   0,   0,   0,   0,   0,   0,   0,   0,   0,
      0,   0,   0,   0,   0,   0,   0,   0,   0,   0,   0,   0,   0,   0,   0,   0,
      0,   0,   0,   0,   0,   0,   0,   0,   0,   0,   0,   0,   0,   0,   0,   0,
      0,   0,   0,   0,   0,   0,   0,   0,   0,   0,   0,   0,   0,   0,   0,   0,
      0,   0,   0,   0,   0,   0,   0,   0,   0,   0,   0,   0,   0,   0,   0,   0,
      0,   0,   0,   0,   0,   0,   0,   0,   0,   0,   0,   0,   0,   0,   0,   0,
      0,   0,   0,   0,   0,   0,   0,   0,   0,   0,   0,   0,   0,   0,   0,   0,
      0,   0,   0,   0,   0,   0,   0,   0,   0,   0,   0,   0,   0,   0,   0,   0,
      0,   0,   0,   0,   0,   0,   0,   0,   0,   0,   0,   0,   0,   0,   0,   0,
      0,   0,   0,   0,   0,   0,   0,   0,   0,   0,   0,   0,   0,   0,   0,   0,
      0,   0,   0,   0,   0,   0,   0,   0,   0,   0,   0,   0,   0,   0,   0,   0,
      0,   0,   0,   0,   0,   0,   0,   0,   0,   0,   0,   0,   0,   0,   0,   0,
      0,   0,   0,   0,   0,   0,   0,   0,   0,   0,   0,   0,   0,   0,   0,   0,
      0,   0,   0,   0,   0,   0,   0,   0,   0,   0,   0,   0,   0,   0,   0,   0,
      0,   0,   0,   0,   0,   0,   0,   0,   0,   0,   0,   0,   0,   0,   0,   0,
      0,   0,   0,   0,   0,   0,   0,   0,   0,   0,   0,   0,   0,   0,   0,   0,
      0,   0,   0,   0,   0,   0,   0,   0,   0,   0,   0,   0,   0,   0,   0,   0,
      0,   0,   0,   0,   0,   0,   0,   0,   0,   0,   0,   0,   0,   0,   0,   0,
      0,   0,   0,   0,   0,   0,   0,   0,   0,   0,   0,   0,   0,   0,   0,   0,
      0,   0,   0,  63,  48, 255, 252, 255, 248, 254, 252, 252, 240, 248, 224, 240,
    192, 224, 128, 192,   0, 128,   0,   0,   0,   0,   0,   0,   0,   0,   0,   0,
      0,   0,   0,   0,   0,   0,   0,   0,   0,   0,   0,   0,   0,   0,   0,   0,
      0,   0,   0,   0,   0,   0,   0,   0,   0,   0,   0,   0,   0,   0,   0,   0,
      0,   0,   0,   0,   0,   0,   0,   0,   0,   0,   0,   0,   0,   0,   0,   0,
      0,   0,   0,   0,   0,   0,   0,   0,   0,   0,   0,   0,   0,   0,   0,   0,
      0,   0,   0,   0,   0,   0,   0,   0,   0,   0,   0,   0,   0,   0,   0,   0,
      0,   0,   0,   0,   0,   0,   0,   0,   0,   0,   0,   0,   0,   0,   0,   0,
      0,   0,   0,   0,   0,   0,   0,   0,   0,   0,   0,   0,   0,   0,   0,   0,
      0,   0,   0,   0,   0,   0,   0,   0,   0,   0,   0,   0,   0,   0,   0,   0,
      0,   3,   3,  31,  31, 255, 255, 255, 255, 255, 255, 255, 255, 255, 255, 255,
    254, 255, 254, 255, 252, 254, 252, 254, 248, 252, 248, 252, 240, 248, 224, 240,
    224, 240, 192, 224, 192, 224, 128, 192,   0, 128,   0,   0,   0,   0,   0,   0,
      0,   0,   0,   0,   0,   0,   0,   0,   0,   0,   0,   0,   0,   0,   0,   0,
      0,   0,   0,   0,   0,   0,   0,   0,   0,   0,   0,   0,   0,   0,   0,   0,
      0,   0,   0,   0,   0,   0,   0,   0,   0,   0,   0,   0,   0,   0,   0,   0,
      0,   0,   0,   0,   0,   0,   0,   0,   0,   0,   0,   0,   0,   0,   0,   0,
      0,   0,   0,   0,   0,   0,   0,   0,   0,   0,   0,   0,   0,   0,   0,   0,
      0,   0,   0,   0,   0,   0,   0,   0,   0,   0,   0,   0,   0,   0,   0,   0,
      0,   0,   0,   0,   0,   0,   0,   0,   0,   0,   0,   0,   0,   0,   0,  31,
     15, 255, 127, 255, 255, 255, 255, 255, 255, 255, 255, 255, 255, 255, 255, 255,
    255, 255, 255, 255, 255, 255, 255, 255, 255, 255, 255, 255, 255, 255, 255, 255,
    255, 255, 255, 255, 254, 255, 252, 254, 248, 252, 240, 248, 240, 248, 224, 240,
    224, 240, 192, 224, 128, 192,   0, 128,   0, 128,   0,   0,   0,   0,   0,   0,
      0,   0,   0,   0,   0,   0,   0,   0,   0,   0,   0,   0,   0,   0,   0,   0,
      0,   0,   0,   0,   0,   0,   0,   0,   0,   0,   0,   0,   0,   0,   0,   0,
      0,   0,   0,   0,   0,   0,   0,   0,   0,   0,   0,   0,   0,   0,   0,   0,
      0,   8,   0,  24,   0,  24,  16,  56,  16,  56,  16, 120, 112, 248, 224, 240,
    128, 224,   0, 128,   0,   0,   0,   0,   0,   0,   0,   0,   0,   0,   0,   0,
      0,   0,   0,   0,   0,   0,   0,   0,   0,   0,   0,   0,   0,   1,   1,   3,
      3,  15,  15,  31,  31,  63,  63, 255, 127, 255, 255, 255, 255, 255, 255, 255,
    255, 255, 255, 255, 255, 255, 255, 255, 255, 255, 255, 255, 255, 255, 255, 255,
    255, 255, 255, 255, 255, 255, 255, 255, 255, 255, 255, 255, 255, 255, 255, 255,
    255, 255, 255, 255, 254, 255, 254, 255, 252, 254, 252, 254, 252, 254, 248, 252,
    248, 252, 248, 252, 248, 252, 248, 252, 248, 252, 248, 252, 248, 252, 248, 252,
    248, 252, 248, 252, 248, 252, 248, 252, 248, 252, 248, 252, 248, 252, 248, 252,
    248, 252, 248, 252, 248, 252, 248, 252, 248, 252, 248, 252, 248, 252, 248, 252,
    248, 252, 120, 252, 152, 254, 238, 255, 247, 255, 251, 255, 248, 255, 248, 252,
    240, 248, 240, 248, 240, 248, 224, 240,   0, 224,   0,   0,   0,   0,   0,   0,
      0,   0,   0,   0,   0,   0,   0,   0,   0,   0,   0,   0,   0,   0,   0,   0,
      0,   0,   0,   1,   0,   3,   0,   3,   1,   3,   3,   7,   3,   7,   3,   7,
      3,  15,   3,  15,  15,  31,  15,  63,  15,  63,  63, 127,  63, 127,  63, 127,
    127, 255, 127, 255, 127, 255, 127, 255, 255, 255, 255, 255, 255, 255, 255, 255,
    255, 255, 255, 255, 255, 255, 255, 255, 255, 255, 255, 255, 255, 255, 255, 255,
    255, 255, 255, 255, 255, 255, 255, 255, 255, 255, 255, 255, 255, 255, 255, 255,
    255, 255, 255, 255, 255, 255, 255, 255, 255, 255, 127, 255, 127, 255, 191, 255,
    191, 255, 223, 255, 223, 255, 239, 255, 241, 255, 250, 255, 231, 255, 255, 255,
    255, 255, 255, 255, 127, 255, 127, 255,  63, 127,  31,  63,  15,  31,   7,  15,
      3,   7,   0,   3,   0,   0,   0,   0,   0,   0,   0,   0,   0,   0,   0,   0,
      0,   0,   0,   0,   0,   0,   0,   0,   0,   0,   0,   0,   0,   0,   0,   0,
      0,   0,   0,   0,   0,   0,   0,   0,   0,   0,   0,   0,   0,   0,   0,   0,
      0,   0,   0,   0,   0,   0,   0,   0,   0,   0,   0,   0,   0,   0,   0,   0,
      0,   0,   0,   1,   0,   1,   0,   1,   0,   3,   1,   3,   1,   3,   1,   3,
      3,   7,   3,   7,   3,   7,   3,   7,   3,   7,   3,   7,   3,   7,   3,   7,
      3,   7,   3,   7,   3,   7,   3,   7,   3,   7,   3,   7,   3,   7,   3,   7,
      1,  15,  12,  31,  30,  63,  31,  63,  31,  63,  31,  63,  31,  63,  31,  63,
     15,  31,   7,  15,   3,  15,   0, 135, 134, 255, 254, 255, 254, 255, 120, 254,
      0, 120,   0,   0,   0,   0,   0,   0,   0,   0,   0,   0,   0,   0,   0,   0,
      0,   0,   0,   0,   0,   0,   0,   0,   0,   0,   0,   0,   0,   0,   0,   0,
      0,   0,   0,   0,   0,   0,   0,   0,   0,   0,   0,   0,   0,   0,   0,   0,
      0,   0,   0,   0,   0,   0,   0,   0,   0,   0,   0,   0,   0,   0,   0,   0,
      0,   0,   0,   0,   0,   0,   0,   0,   0,   0,   0,   0,   0,   0,   0,   0,
      0,   0,   0,   0,   0,   0,   0,   0,   0,   0,   0,   0,   0,   0,   0,   0,
      0,   0,   0,   0,   0,   0,   0,   0,   0,   0,   0,   0,   0,   0,   0,   0,
      0,   0,   0,   0,   0,   0,   0,   0,   0,   0,   0,   0,   0,   0,   0,   0,
      0,   0,   0,   0,   0,   0,   0,   0,   0,   0,   0,   0,   0,   0,   0,   7,
      3,   7,   3,   7,   1,   3,   0,   1,   0,   0,   0,   0,   0,   0,   0,   0,
      0,   0,   0,   0,   0,   0,   0,   0,   0,   0,   0,   0,   0,   0,   0,   0,
      0,   0,   0,   0,   0,   0,   0,   0,   0,   0,   0,   0,   0,   0,   0,   0,
      0,   0,   0,   0,   0,   0,   0,   0,   0,   0,   0,   0,   0,   0,   0,   0,
      0,   0,   0,   0,   0,   0,   0,   0,   0,   0,   0,   0,   0,   0,   0,   0,
      0,   0,   0,   0,   0,   0,   0,   0,   0,   0,   0,   0,   0,   0,   0,   0,
      0,   0,   0,   0,   0,   0,   0,   0,   0,   0,   0,   0,   0,   0,   0,   0,
      0,   0,   0,   0,   0,   0,   0,   0,   0,   0,   0,   0,   0,   0,   0,   0,
      0,   0,   0,   0,   0,   0,   0,   0,   0,   0,   0,   0,   0,   0,   0,   0,
      0,   0,   0,   0,   0,   0,   0,   0,   0,   0,   0,   0,   0,   0,   0,   0,
      0,   0,   0,   0,   0,   0,   0,   0,   0,   0,   0,   0,   0,   0,   0,   0,
      0,   0,   0,  63,   0, 255, 200, 255, 184, 254, 120, 252, 240, 248, 224, 240,
    192, 224, 128, 192,   0, 128,   0,   0,   0,   0,   0,   0,   0,   0,   0,   0,
      0,   0,   0,   0,   0,   0,   0,   0,   0,   0,   0,   0,   0,   0,   0,   0,
      0,   0,   0,   0,   0,   0,   0,   0,   0,   0,   0,   0,   0,   0,   0,   0,
      0,   0,   0,   0,   0,   0,   0,   0,   0,   0,   0,   0,   0,   0,   0,   0,
      0,   0,   0,   0,   0,   0,   0,   0,   0,   0,   0,   0,   0,   0,   0,   0,
      0,   0,   0,   0,   0,   0,   0,   0,   0,   0,   0,   0,   0,   0,   0,   0,
      0,   0,   0,   0,   0,   0,   0,   0,   0,   0,   0,   0,   0,   0,   0,   0,
      0,   0,   0,   0,   0,   0,   0,   0,   0,   0,   0,   0,   0,   0,   0,   0,
      0,   0,   0,   0,   0,   0,   0,   0,   0,   0,   0,   0,   0,   0,   0,   0,
      0,   3,   1,  31,  15, 255,  30, 255, 125, 255, 251, 255, 247, 255, 239, 255,
    222, 255,  62, 255, 252, 254, 252, 254, 248, 252, 248, 252, 240, 248, 224, 240,
    224, 240, 192, 224, 192, 224,   0, 192,   0, 128,   0,   0,   0,   0,   0,   0,
      0,   0,   0,   0,   0,   0,   0,   0,   0,   0,   0,   0,   0,   0,   0,   0,
      0,   0,   0,   0,   0,   0,   0,   0,   0,   0,   0,   0,   0,   0,   0,   0,
      0,   0,   0,   0,   0,   0,   0,   0,   0,   0,   0,   0,   0,   0,   0,   0,
      0,   0,   0,   0,   0,   0,   0,   0,   0,   0,   0,   0,   0,   0,   0,   0,
      0,   0,   0,   0,   0,   0,   0,   0,   0,   0,   0,   0,   0,   0,   0,   0,
      0,   0,   0,   0,   0,   0,   0,   0,   0,   0,   0,   0,   0,   0,   0,   0,
      0,   0,   0,   0,   0,   0,   0,   0,   0,   0,   0,   0,   0,   0,   0,  31,
      0, 255,   1, 255,   2, 255,  21, 255,  43, 255,  87, 255,  15, 255,  62, 255,
    253, 255,  59, 255, 247, 255, 119, 255, 239, 255, 223, 255, 191, 255, 191, 255,
    191, 255, 127, 255, 126, 255, 252, 254, 248, 252, 240, 248, 240, 248, 224, 240,
    224, 240, 192, 224, 128, 192,   0, 128,   0, 128,   0,   0,   0,   0,   0,   0,
      0,   0,   0,   0,   0,   0,   0,   0,   0,   0,   0,   0,   0,   0,   0,   0,
      0,   0,   0,   0,   0,   0,   0,   0,   0,   0,   0,   0,   0,   0,   0,   0,
      0,   0,   0,   0,   0,   0,   0,   0,   0,   0,   0,   0,   0,   0,   0,   0,
      0,   8,   0,  24,   0,  24,  16,  56,  16,  56,  16, 120, 112, 248, 224, 240,
    128, 224,   0, 128,   0,   0,   0,   0,   0,   0,   0,   0,   0,   0,   0,   0,
      0,   0,   0,   0,   0,   0,   0,   0,   0,   0,   0,   0,   0,   1,   0,   3,
      0,  15,   0,  31,   0,  63,   0, 255,   1, 255,   2, 255,   1, 255,   2, 255,
      5, 255,  10, 255,  21, 255,  43, 255,  87, 255,  15, 255, 175, 255,  95, 255,
    190, 255, 125, 255, 189, 255, 123, 255, 247, 255, 247, 255, 239, 255, 239, 255,
    223, 255, 223, 255, 222, 255, 190, 255, 188, 254, 188, 254, 188, 254, 120, 252,
    120, 252, 120, 252, 120, 252, 120, 252, 120, 252, 120, 252, 120, 252, 120, 252,
    248, 252, 248, 252, 248, 252, 248, 252, 248, 252, 248, 252, 248, 252, 248, 252,
    248, 252, 248, 252, 248, 252, 248, 252, 248, 252, 248, 252, 248, 252, 248, 252,
    248, 252, 120, 252, 152, 254, 238, 255, 247, 255, 251, 255, 248, 255, 248, 252,
    240, 248, 240, 248, 240, 248, 224, 240,   0, 224,   0,   0,   0,   0,   0,   0,
      0,   0,   0,   0,   0,   0,   0,   0,   0,   0,   0,   0,   0,   0,   0,   0,
      0,   0,   0,   1,   0,   3,   0,   3,   0,   3,   0,   7,   0,   7,   0,   7,
      0,  15,   0,  15,   0,  31,   0,  63,   1,  63,   0, 127,   1, 127,   0, 127,
      1, 255,   2, 255,   1, 255,   5, 255,   3, 255,   5, 255,  11, 255,   3, 255,
     23, 255,  11, 255,  23, 255,  15, 255,   7, 255,  15, 255,  23, 255,  15, 255,
     23, 255,  47, 255,  23, 255,  47, 255,   7, 255,  46, 255,  94, 255,  46, 255,
     30, 255,  14, 255,  94, 255,  46, 255,  30, 255,  14, 255,  93, 255, 173, 255,
    157, 255, 141, 255, 205, 255, 237, 255, 241, 255, 250, 255, 231, 255, 255, 255,
    199, 255, 255, 255, 127, 255,  35, 255,  63, 127,  17,  63,  15,  31,   7,  15,
      3,   7,   0,   3,   0,   0,   0,   0,   0,   0,   0,   0,   0,   0,   0,   0,
      0,   0,   0,   0,   0,   0,   0,   0,   0,   0,   0,   0,   0,   0,   0,   0,
      0,   0,   0,   0,   0,   0,   0,   0,   0,   0,   0,   0,   0,   0,   0,   0,
      0,   0,   0,   0,   0,   0,   0,   0,   0,   0,   0,   0,   0,   0,   0,   0,
      0,   0,   0,   1,   0,   1,   0,   1,   0,   3,   0,   3,   0,   3,   0,   3,
      0,   7,   0,   7,   0,   7,   0,   7,   0,   7,   0,   7,   0,   7,   0,   7,
      0,   7,   0,   7,   0,   7,   0,   7,   0,   7,   0,   7,   0,   7,   0,   7,
      0,  15,  12,  31,  30,  63,  31,  63,  31,  63,  31,  63,  31,  63,  31,  63,
     15,  31,   7,  15,   3,  15,   0, 135, 134, 255, 254, 255, 254, 255, 120, 254,
      0, 120,   0,   0,   0,   0,   0,   0,   0,   0,   0,   0,   0,   0,   0,   0,
      0,   0,   0,   0,   0,   0,   0,   0,   0,   0,   0,   0,   0,   0,   0,   0,
      0,   0,   0,   0,   0,   0,   0,   0,   0,   0,   0,   0,   0,   0,   0,   0,
      0,   0,   0,   0,   0,   0,   0,   0,   0,   0,   0,   0,   0,   0,   0,   0,
      0,   0,   0,   0,   0,   0,   0,   0,   0,   0,   0,   0,   0,   0,   0,   0,
      0,   0,   0,   0,   0,   0,   0,   0,   0,   0,   0,   0,   0,   0,   0,   0,
      0,   0,   0,   0,   0,   0,   0,   0,   0,   0,   0,   0,   0,   0,   0,   0,
      0,   0,   0,   0,   0,   0,   0,   0,   0,   0,   0,   0,   0,   0,   0,   0,
      0,   0,   0,   0,   0,   0,   0,   0,   0,   0,   0,   0,   0,   0,   0,   7,
      3,   7,   3,   7,   1,   3,   0,   1,   0,   0,   0,   0,   0,   0,   0,   0,
      0,   0,   0,   0,   0,   0,   0,   0,   0,   0,   0,   0,   0,   0,   0,   0,
      0,   0,   0,   0,   0,   0,   0,   0,   0,   0,   0,   0,   0,   0,   0,   0,
      0,   0,   0,   0,   0,   0,   0,   0,   0,   0,   0,   0,   0,   0,   0,   0,
      0,   0,   0,   0,   0,   0,   0,   0,   0,   0,   0,   0,   0,   0,   0,   0,
      0,   0,   0,   0,   0,   0,   0,   0,   0,   0,   0,   0,   0,   0,   0,   0,
      0,   0,   0,   0,   0,   0,   0,   0,   0,   0,   0,   0,   0,   0,   0,   0,
      0,   0,   0,   0,   0,   0,   0,   0,   0,   0,   0,   0,   0,   0,   0,   0,
      0,   0,   0,   0,   0,   0,   0,   0,   0,   0,   0,   0,   0,   0,   0,   0,
      0,   0,   0,   0,   0,   0,   0,   0,   0,   0,   0,   0,   0,   0,   0,   0,
      0,   0,   0,   0,   0,   0,   0,   0,   0,   0,   0,   0,   0,   0,   0,   0,
      0,   0,   0,  63,   0, 255,   8, 255,  56, 254, 112, 252, 224, 248, 192, 240,
    128, 224,   0, 192,   0, 128,   0,   0,   0,   0,   0,   0,   0,   0,   0,   0,
      0,   0,   0,   0,   0,   0,   0,   0,   0,   0,   0,   0,   0,   0,   0,   0,
      0,   0,   0,   0,   0,   0,   0,   0,   0,   0,   0,   0,   0,   0,   0,   0,
      0,   0,   0,   0,   0,   0,   0,   0,   0,   0,   0,   0,   0,   0,   0,   0,
      0,   0,   0,   0,   0,   0,   0,   0,   0,   0,   0,   0,   0,   0,   0,   0,
      0,   0,   0,   0,   0,   0,   0,   0,   0,   0,   0,   0,   0,   0,   0,   0,
      0,   0,   0,   0,   0,   0,   0,   0,   0,   0,   0,   0,   0,   0,   0,   0,
      0,   0,   0,   0,   0,   0,   0,   0,   0,   0,   0,   0,   0,   0,   0,   0,
      0,   0,   0,   0,   0,   0,   0,   0,   0,   0,   0,   0,   0,   0,   0,   0,
      0,   3,   0,  31,   0, 255,   0, 255,   1, 255,   3, 255,   7, 255,  14, 255,
     12, 255,  24, 255, 248, 254, 240, 254, 224, 252, 224, 252, 224, 248, 192, 240,
    128, 240,   0, 224,   0, 224,   0, 192,   0, 128,   0,   0,   0,   0,   0,   0,
      0,   0,   0,   0,   0,   0,   0,   0,   0,   0,   0,   0,   0,   0,   0,   0,
      0,   0,   0,   0,   0,   0,   0,   0,   0,   0,   0,   0,   0,   0,   0,   0,
      0,   0,   0,   0,   0,   0,   0,   0,   0,   0,   0,   0,   0,   0,   0,   0,
      0,   0,   0,   0,   0,   0,   0,   0,   0,   0,   0,   0,   0,   0,   0,   0,
      0,   0,   0,   0,   0,   0,   0,   0,   0,   0,   0,   0,   0,   0,   0,   0,
      0,   0,   0,   0,   0,   0,   0,   0,   0,   0,   0,   0,   0,   0,   0,   0,
      0,   0,   0,   0,   0,   0,   0,   0,   0,   0,   0,   0,   0,   0,   0,  31,
      0, 255,   0, 255,   0, 255,   0, 255,   0, 255,   0, 255,   0, 255,   0, 255,
      1, 255,   3, 255,   7, 255,   7, 255,  15, 255,  31, 255,  63, 255,  62, 255,
     60, 255, 120, 255, 120, 255, 240, 254, 224, 252, 192, 248, 128, 248, 128, 240,
      0, 240,   0, 224,   0, 192,   0, 128,   0, 128,   0,   0,   0,   0,   0,   0,
      0,   0,   0,   0,   0,   0,   0,   0,   0,   0,   0,   0,   0,   0,   0,   0,
      0,   0,   0,   0,   0,   0,   0,   0,   0,   0,   0,   0,   0,   0,   0,   0,
      0,   0,   0,   0,   0,   0,   0,   0,   0,   0,   0,   0,   0,   0,   0,   0,
      0,   8,   0,  24,   0,  24,   0,  56,   0,  56,   0, 120,  16, 248,  96, 240,
    128, 224,   0, 128,   0,   0,   0,   0,   0,   0,   0,   0,   0,   0,   0,   0,
      0,   0,   0,   0,   0,   0,   0,   0,   0,   0,   0,   0,   0,   1,   0,   3,
      0,  15,   0,  31,   0,  63,   0, 255,   0, 255,   0, 255,   0, 255,   0, 255,
      0, 255,   0, 255,   0, 255,   0, 255,   0, 255,   0, 255,   0, 255,   0, 255,
      0, 255,   1, 255,   1, 255,   3, 255,   7, 255,   7, 255,  15, 255,  15, 255,
     30, 255,  30, 255,  24, 255,  56, 255,  56, 254,  56, 254,  56, 254, 120, 252,
    112, 252, 112, 252, 112, 252, 112, 252, 112, 252, 112, 252, 112, 252, 112, 252,
    240, 252, 240, 252, 240, 252, 240, 252, 240, 252, 240, 252, 240, 252, 240, 252,
    248, 252, 248, 252, 248, 252, 248, 252, 248, 252, 248, 252, 248, 252, 240, 252,
    240, 252, 112, 252, 144, 254,   8, 255, 118, 255, 123, 255, 136, 255, 248, 252,
    144, 248, 240, 248, 112, 248,   0, 240,   0, 224,   0,   0,   0,   0,   0,   0,
      0,   0,   0,   0,   0,   0,   0,   0,   0,   0,   0,   0,   0,   0,   0,   0,
      0,   0,   0,   1,   0,   3,   0,   3,   0,   3,   0,   7,   0,   7,   0,   7,
      0,  15,   0,  15,   0,  31,   0,  63,   0,  63,   0, 127,   0, 127,   0, 127,
      0, 255,   0, 255,   0, 255,   0, 255,   0, 255,   0, 255,   0, 255,   0, 255,
      0, 255,   0, 255,   0, 255,   0, 255,   0, 255,   0, 255,   0, 255,   0, 255,
      0, 255,   0, 255,   0, 255,   0, 255,   0, 255,   0, 255,   0, 255,   0, 255,
      0, 255,   0, 255,   0, 255,   0, 255,   0, 255,   0, 255,   1, 255,   1, 255,
    129, 255, 129, 255, 193, 255, 225, 255,  96, 255, 178, 255, 227, 255,  23, 255,
      3, 255,   5, 255,  11, 255,   0, 255,   5, 127,   0,  63,   0,  31,   0,  15,
      0,   7,   0,   3,   0,   0,   0,   0,   0,   0,   0,   0,   0,   0,   0,   0,
      0,   0,   0,   0,   0,   0,   0,   0,   0,   0,   0,   0,   0,   0,   0,   0,
      0,   0,   0,   0,   0,   0,   0,   0,   0,   0,   0,   0,   0,   0,   0,   0,
      0,   0,   0,   0,   0,   0,   0,   0,   0,   0,   0,   0,   0,   0,   0,   0,
      0,   0,   0,   1,   0,   1,   0,   1,   0,   3,   0,   3,   0,   3,   0,   3,
      0,   7,   0,   7,   0,   7,   0,   7,   0,   7,   0,   7,   0,   7,   0,   7,
      0,   7,   0,   7,   0,   7,   0,   7,   0,   7,   0,   7,   0,   7,   0,   7,
      0,  15,  12,  31,  14,  63,   6,  63,  15,  63,   7,  63,  11,  63,   5,  63,
      2,  31,   1,  15,   0,  15,   0, 135,   0, 255,   2, 255, 254, 255, 120, 254,
      0, 120,   0,   0,   0,   0,   0,   0,   0,   0,   0,   0,   0,   0,   0,   0,
      0,   0,   0,   0,   0,   0,   0,   0,   0,   0,   0,   0,   0,   0,   0,   0,
      0,   0,   0,   0,   0,   0,   0,   0,   0,   0,   0,   0,   0,   0,   0,   0,
      0,   0,   0,   0,   0,   0,   0,   0,   0,   0,   0,   0,   0,   0,   0,   0,
      0,   0,   0,   0,   0,   0,   0,   0,   0,   0,   0,   0,   0,   0,   0,   0,
      0,   0,   0,   0,   0,   0,   0,   0,   0,   0,   0,   0,   0,   0,   0,   0,
      0,   0,   0,   0,   0,   0,   0,   0,   0,   0,   0,   0,   0,   0,   0,   0,
      0,   0,   0,   0,   0,   0,   0,   0,   0,   0,   0,   0,   0,   0,   0,   0,
      0,   0,   0,   0,   0,   0,   0,   0,   0,   0,   0,   0,   0,   0,   0,   7,
      0,   7,   2,   7,   1,   3,   0,   1,   0,   0,   0,   0,   0,   0,   0,   0,
      0,   0,   0,   0,   0,   0,   0,   0,   0,   0,   0,   0,   0,   0,   0,   0,
      0,   0,   0,   0,   0,   0,   0,   0,   0,   0,   0,   0,   0,   0,   0,   0,
      0,   0,   0,   0,   0,   0,   0,   0,   0,   0,   0,   0,   0,   0,   0,   0,
      0,   0,   0,   0,   0,   0,   0,   0,   0,   0,   0,   0,   0,   0,   0,   0,
      0,   0,   0,   0,   0,   0,   0,   0,   0,   0,   0,   0,   0,   0,   0,   0,
      0,   0,   0,   0,   0,   0,   0,   0,   0,   0,   0,   0,   0,   0,   0,   0,
      0,   0,   0,   0,   0,   0,   0,   0,   0,   0,   0,   0,   0,   0,   0,   0,
      0,   0,   0,   0,   0,   0,   0,   0,   0,   0,   0,   0,   0,   0,   0,   0,
      0,   0,   0,   0,   0,   0,   0,   0,   0,   0,   0,   0,   0,   0,   0,   0,
      0,   0,   0,   0,   0,   0,   0,   0,   0,   0,   0,   0,   0,   0,   0,   0,
      0,   0,   0,  63,  48, 255, 252, 255, 248, 254, 252, 252, 240, 248, 224, 240,
    192, 224, 128, 192,   0, 128,   0,   0,   0,   0,   0,   0,   0,   0,   0,   0,
      0,   0,   0,   0,   0,   0,   0,   0,   0,   0,   0,   0,   0,   0,   0,   0,
      0,   0,   0,   0,   0,   0,   0,   0,   0,   0,   0,   0,   0,   0,   0,   0,
      0,   0,   0,   0,   0,   0,   0,   0,   0,   0,   0,   0,   0,   0,   0,   0,
      0,   0,   0,   0,   0,   0,   0,   0,   0,   0,   0,   0,   0,   0,   0,   0,
      0,   0,   0,   0,   0,   0,   0,   0,   0,   0,   0,   0,   0,   0,   0,   0,
      0,   0,   0,   0,   0,   0,   0,   0,   0,   0,   0,   0,   0,   0,   0,   0,
      0,   0,   0,   0,   0,   0,   0,   0,   0,   0,   0,   0,   0,   0,   0,   0,
      0,   0,   0,   0,   0,   0,   0,   0,   0,   0,   0,   0,   0,   0,   0,   0,
      0,   3,   3,  31,  31, 255, 255, 255, 255, 255, 255, 255, 255, 255, 255, 255,
    254, 255, 254, 255, 252, 254, 252, 254, 248, 252, 248, 252, 240, 248, 224, 240,
    224, 240, 192, 224, 192, 224, 128, 192,   0, 128,   0,   0,   0,   0,   0,   0,
      0,   0,   0,   0,   0,   0,   0,   0,   0,   0,   0,   0,   0,   0,   0,   0,
      0,   0,   0,   0,   0,   0,   0,   0,   0,   0,   0,   0,   0,   0,   0,   0,
      0,   4,   0,   4,   0,  12,   0,  28,   8,  28,   8,  28,   8,  28,  24,  60,
     48, 248, 112, 248, 224, 240, 224, 240, 192, 224, 128, 192,   0, 128,   0,   0,
      0,   0,   0,   0,   0,   0,   0,   0,   0,   0,   0,   0,   0,   0,   0,   0,
      0,   0,   0,   0,   0,   0,   0,   0,   0,   0,   0,   0,   0,   0,   0,   0,
      0,   0,   0,   0,   0,   0,   0,   0,   0,   0,   0,   0,   0,   0,   0,  31,
     15, 255, 127, 255, 255, 255, 255, 255, 255, 255, 255, 255, 255, 255, 255, 255,
    255, 255, 255, 255, 255, 255, 255, 255, 255, 255, 255, 255, 255, 255, 255, 255,
    255, 255, 255, 255, 254, 255, 252, 254, 248, 252, 240, 248, 240, 248, 224, 240,
    224, 240, 192, 224, 128, 192,   0, 128,   0, 128,   0,   0,   0,   0,   0,   0,
      0,   0,   0,   0,   0,   0,   0,   0,   0,   0,   0,   0,   0,   0,   0,   0,
      0,   0,   0,   0,   0,   0,   0,   0,   0,   0,   0,   0,   0, 255, 255, 255,
    255, 255, 255, 255, 255, 255,  30, 255,   0,  30,   0,   0,   0,   0,   0,   0,
      0,   0,   0,   0,   0,   0,   0,   0,   0,   0,   0,   0,   0,   0,   0,   0,
      0,   0,   0,   0,   0,   0,   0,   0,   0,   0,   0,   0,   0,   0,   0,   0,
      0,   0,   0,   0,   0,   0,   0,   0,   0,   0,   0,   0,   0,   1,   1,   3,
      3,  15,  15,  31,  31,  63,  63, 255, 127, 255, 255, 255, 255, 255, 255, 255,
    255, 255, 255, 255, 255, 255, 255, 255, 255, 255, 255, 255, 255, 255, 255, 255,
    255, 255, 255, 255, 255, 255, 255, 255, 255, 255, 255, 255, 255, 255, 255, 255,
    255, 255, 255, 255, 254, 255, 254, 255, 252, 254, 252, 254, 252, 254, 248, 252,
    248, 252, 248, 252, 248, 252, 248, 252, 248, 252, 120, 252, 248, 252, 248, 252,
    248, 252, 252, 254, 254, 255, 255, 255, 127, 255, 119, 255, 113, 255, 240, 249,
    240, 248, 240, 248, 240, 248, 240, 248, 240, 248, 240, 248, 240, 248, 240, 248,
    240, 248, 240, 248, 248, 252, 248, 252, 248, 252, 248, 252, 248, 252, 248, 252,
    240, 248, 240, 248, 240, 248, 224, 240,   0, 224,   0,   0,   0,   0,   0,   0,
      0,   0,   0,   0,   0,   0,   0,   0,   0,   0,   0,   0,   0,   0,   0,   0,
      0,   0,   0,   1,   0,   3,   0,   3,   1,   3,   3,   7,   3,   7,   3,   7,
      3,  15,   3,  15,  15,  31,  15,  63,  15,  63,  63, 127,  63, 127,  63, 127,
    127, 255, 127, 255, 127, 255, 127, 255, 255, 255, 255, 255, 255, 255, 255, 255,
    127, 255, 127, 255, 191, 255, 223, 255, 223, 255, 239, 255, 247, 255, 247, 255,
    251, 255, 251, 255, 253, 255, 254, 255, 255, 255, 255, 255, 255, 255, 255, 255,
    255, 255, 255, 255, 255, 255, 255, 255, 254, 255, 121, 255, 255, 255, 255, 255,
    255, 255, 255, 255, 255, 255, 255, 255, 255, 255, 255, 255, 255, 255, 255, 255,
    255, 255, 255, 255, 127, 255, 127, 255,  63, 127,  31,  63,  15,  31,   7,  15,
      3,   7,   0,   3,   0,   0,   0,   0,   0,   0,   0,   0,   0,   0,   0,   0,
      0,   0,   0,   0,   0,   0,   0,   0,   0,   0,   0,   0,   0,   0,   0,   0,
      0,   0,   0,   0,   0,   0,   0,   0,   0,   0,   0,   0,   0,   0,   0,   0,
      0,   0,   0,   0,   0,   0,   0,   0,   0,   0,   0,   8,   0,   8,   8,  28,
     28,  62,  28,  63,  60, 127, 126, 255, 126, 255, 127, 255, 255, 255, 255, 255,
    255, 255, 255, 255, 255, 255, 255, 255, 255, 255, 255, 255, 127, 255, 127, 255,
    127, 255,  63, 127,  31, 127,  31, 191, 143, 255, 231, 255, 247, 255, 243, 255,
    251, 255, 249, 255,  58, 255,   3, 255,   3,   7,   3,   7,   3,   7,   3,   7,
      1,   3,   1,   3,   1,   3,   1,   3,   0,   1,   0,   1,   0,   1,   0,   0,
      0,   0,   0,   0,   0,   0,   0,   0,   0,   0,   0,   0,   0,   0,   0,   0,
      0,   0,   0,   0,   0,   0,   0,   0,   0,   0,   0,   0,   0,   0,   0,   0,
      0,   0,   0,   0,   0,   0,   0,   0,   0,   0,   0,   0,   0,   0,   0,   0,
      0,   0,   0,   0,   0,   0,   0,   0,   0,   0,   0,   0,   0,   0,   0,   0,
      0,   0,   0,   0,   0,   0,   0,   0,   0,   0,   0,   0,   0,   0,   0,   0,
      0,   0,   0,   0,   0,   1,   0,   1,   0,   1,   0,   1,   0,   1,   0,   1,
      0,   1,   0,   1,   0,   1,   0,   0,   0, 128, 128, 224, 224, 240, 240, 248,
    248, 255, 255, 255, 255, 255, 127, 255, 127, 255,  63, 127,   7,  63,   0,  15,
      0,   1,   0,   0,   0,   0,   0,   0,   0,   0,   0,   0,   0,   0,   0,   0,
      0,   0,   0,   0,   0,   0,   0,   0,   0,   0,   0,   0,   0,   0,   0,   0,
      0,   0,   0,   0,   0,   0,   0,   0,   0,   0,   0,   0,   0,   0,   0,   0,
      0,   0,   0,   0,   0,   0,   0,   0,   0,   0,   0,   0,   0,   0,   0,   0,
      0,   0,   0,   0,   0,   0,   0,   0,   0,   0,   0,   0,   0,   0,   0,   0,
      0,   0,   0,   0,   0,   0,   0,   0,   0,   0,   0,   0,   0,   0,   0,   0,
      0,   0,   0,   0,   0,   0,   0,   0,   0,   0,   0,   0,   0,   0,   0,   0,
      0,   0,   0,   0,   0,   0,   0,   0,   0,   0,   0,   0,   0,   0,   0,   0,
      0,   0,   0,   0,   0,   1,   0,   1,   0,   1,   0,   1,   0,   1,   0,   1,
      0,   0,   0,   0,   0,   0,   0,   0,   0,   0,   0,   0,   0,   0,   0,   0,
      0,   0,   0,   0,   0,   0,   0,   0,   0,   0,   0,   0,   0,   0,   0,   0,
      0,   0,   0,   0,   0,   0,   0,   0,   0,   0,   0,   0,   0,   0,   0,   0,
      0,   0,   0,  63,   0, 255, 200, 255, 184, 254, 120, 252, 240, 248, 224, 240,
    192, 224, 128, 192,   0, 128,   0,   0,   0,   0,   0,   0,   0,   0,   0,   0,
      0,   0,   0,   0,   0,   0,   0,   0,   0,   0,   0,   0,   0,   0,   0,   0,
      0,   0,   0,   0,   0,   0,   0,   0,   0,   0,   0,   0,   0,   0,   0,   0,
      0,   0,   0,   0,   0,   0,   0,   0,   0,   0,   0,   0,   0,   0,   0,   0,
      0,   0,   0,   0,   0,   0,   0,   0,   0,   0,   0,   0,   0,   0,   0,   0,
      0,   0,   0,   0,   0,   0,   0,   0,   0,   0,   0,   0,   0,   0,   0,   0,
      0,   0,   0,   0,   0,   0,   0,   0,   0,   0,   0,   0,   0,   0,   0,   0,
      0,   0,   0,   0,   0,   0,   0,   0,   0,   0,   0,   0,   0,   0,   0,   0,
      0,   0,   0,   0,   0,   0,   0,   0,   0,   0,   0,   0,   0,   0,   0,   0,
      0,   3,   1,  31,  15, 255,  30, 255, 125, 255, 251, 255, 247, 255, 239, 255,
    222, 255,  62, 255, 252, 254, 252, 254, 248, 252, 248, 252, 240, 248, 224, 240,
    224, 240, 192, 224, 192, 224,   0, 192,   0, 128,   0,   0,   0,   0,   0,   0,
      0,   0,   0,   0,   0,   0,   0,   0,   0,   0,   0,   0,   0,   0,   0,   0,
      0,   0,   0,   0,   0,   0,   0,   0,   0,   0,   0,   0,   0,   0,   0,   0,
      0,   4,   0,   4,   0,  12,   0,  28,   8,  28,   8,  28,   8,  28,  24,  60,
     48, 248, 112, 248, 224, 240, 224, 240, 192, 224, 128, 192,   0, 128,   0,   0,
      0,   0,   0,   0,   0,   0,   0,   0,   0,   0,   0,   0,   0,   0,   0,   0,
      0,   0,   0,   0,   0,   0,   0,   0,   0,   0,   0,   0,   0,   0,   0,   0,
      0,   0,   0,   0,   0,   0,   0,   0,   0,   0,   0,   0,   0,   0,   0,  31,
      0, 255,   1, 255,   2, 255,  21, 255,  43, 255,  87, 255,  15, 255,  62, 255,
    253, 255,  59, 255, 247, 255, 119, 255, 239, 255, 223, 255, 191, 255, 191, 255,
    191, 255, 127, 255, 126, 255, 252, 254, 248, 252, 240, 248, 240, 248, 224, 240,
    224, 240, 192, 224, 128, 192,   0, 128,   0, 128,   0,   0,   0,   0,   0,   0,
      0,   0,   0,   0,   0,   0,   0,   0,   0,   0,   0,   0,   0,   0,   0,   0,
      0,   0,   0,   0,   0,   0,   0,   0,   0,   0,   0,   0,   0, 255, 255, 255,
    255, 255, 255, 255, 255, 255,  30, 255,   0,  30,   0,   0,   0,   0,   0,   0,
      0,   0,   0,   0,   0,   0,   0,   0,   0,   0,   0,   0,   0,   0,   0,   0,
      0,   0,   0,   0,   0,   0,   0,   0,   0,   0,   0,   0,   0,   0,   0,   0,
      0,   0,   0,   0,   0,   0,   0,   0,   0,   0,   0,   0,   0,   1,   0,   3,
      0,  15,   0,  31,   0,  63,   0, 255,   1, 255,   2, 255,   1, 255,   2, 255,
      5, 255,  10, 255,  21, 255,  43, 255,  87, 255,  15, 255, 175, 255,  95, 255,
    190, 255, 125, 255, 189, 255, 123, 255, 247, 255, 247, 255, 239, 255, 239, 255,
    223, 255, 223, 255, 190, 255, 190, 255, 188, 254, 188, 254, 124, 254, 120, 252,
    120, 252, 120, 252, 120, 252, 120, 252, 120, 252, 120, 252, 184, 252, 184, 252,
    184, 252, 156, 254, 158, 255, 175, 255, 103, 255, 115, 255, 113, 255, 240, 249,
    240, 248, 240, 248, 240, 248, 240, 248, 240, 248, 240, 248, 240, 248, 240, 248,
    240, 248, 240, 248, 248, 252, 248, 252, 248, 252, 248, 252, 248, 252, 248, 252,
    240, 248, 240, 248, 240, 248, 224, 240,   0, 224,   0,   0,   0,   0,   0,   0,
      0,   0,   0,   0,   0,   0,   0,   0,   0,   0,   0,   0,   0,   0,   0,   0,
      0,   0,   0,   1,   0,   3,   0,   3,   0,   3,   0,   7,   0,   7,   0,   7,
      0,  15,   0,  15,   0,  31,   0,  63,   1,  63,   0, 127,   1, 127,   0, 127,
      1, 255,   2, 255,   1, 255,   5, 255,   3, 255,   5, 255,   3, 255,   7, 255,
     11, 255,   7, 255, 139, 255, 199, 255, 207, 255, 231, 255, 247, 255, 247, 255,
    251, 255, 251, 255, 253, 255, 254, 255, 255, 255, 255, 255, 255, 255, 255, 255,
    255, 255, 255, 255, 255, 255, 255, 255, 254, 255, 121, 255, 255, 255, 255, 255,
     31, 255, 255, 255,  31, 255, 255, 255, 255, 255, 143, 255, 255, 255, 255, 255,
    199, 255, 255, 255, 127, 255,  35, 255,  63, 127,  17,  63,  15,  31,   7,  15,
      3,   7,   0,   3,   0,   0,   0,   0,   0,   0,   0,   0,   0,   0,   0,   0,
      0,   0,   0,   0,   0,   0,   0,   0,   0,   0,   0,   0,   0,   0,   0,   0,
      0,   0,   0,   0,   0,   0,   0,   0,   0,   0,   0,   0,   0,   0,   0,   0,
      0,   0,   0,   0,   0,   0,   0,   0,   0,   0,   0,   8,   0,   8,   8,  28,
     28,  62,  28,  63,  60, 127, 126, 255, 126, 255, 127, 255, 255, 255, 255, 255,
    255, 255, 255, 255, 255, 255, 255, 255, 255, 255, 255, 255, 127, 255, 127, 255,
    127, 255,  63, 127,  31, 127,  31, 191, 143, 255, 231, 255, 247, 255, 243, 255,
    251, 255, 249, 255,  58, 255,   3, 255,   3,   7,   3,   7,   3,   7,   3,   7,
      1,   3,   1,   3,   1,   3,   1,   3,   0,   1,   0,   1,   0,   1,   0,   0,
      0,   0,   0,   0,   0,   0,   0,   0,   0,   0,   0,   0,   0,   0,   0,   0,
      0,   0,   0,   0,   0,   0,   0,   0,   0,   0,   0,   0,   0,   0,   0,   0,
      0,   0,   0,   0,   0,   0,   0,   0,   0,   0,   0,   0,   0,   0,   0,   0,
      0,   0,   0,   0,   0,   0,   0,   0,   0,   0,   0,   0,   0,   0,   0,   0,
      0,   0,   0,   0,   0,   0,   0,   0,   0,   0,   0,   0,   0,   0,   0,   0,
      0,   0,   0,   0,   0,   1,   0,   1,   0,   1,   0,   1,   0,   1,   0,   1,
      0,   1,   0,   1,   0,   1,   0,   0,   0, 128, 128, 224, 224, 240, 240, 248,
    248, 255, 255, 255, 255, 255, 127, 255, 127, 255,  63, 127,   7,  63,   0,  15,
      0,   1,   0,   0,   0,   0,   0,   0,   0,   0,   0,   0,   0,   0,   0,   0,
      0,   0,   0,   0,   0,   0,   0,   0,   0,   0,   0,   0,   0,   0,   0,   0,
      0,   0,   0,   0,   0,   0,   0,   0,   0,   0,   0,   0,   0,   0,   0,   0,
      0,   0,   0,   0,   0,   0,   0,   0,   0,   0,   0,   0,   0,   0,   0,   0,
      0,   0,   0,   0,   0,   0,   0,   0,   0,   0,   0,   0,   0,   0,   0,   0,
      0,   0,   0,   0,   0,   0,   0,   0,   0,   0,   0,   0,   0,   0,   0,   0,
      0,   0,   0,   0,   0,   0,   0,   0,   0,   0,   0,   0,   0,   0,   0,   0,
      0,   0,   0,   0,   0,   0,   0,   0,   0,   0,   0,   0,   0,   0,   0,   0,
      0,   0,   0,   0,   0,   1,   0,   1,   0,   1,   0,   1,   0,   1,   0,   1,
      0,   0,   0,   0,   0,   0,   0,   0,   0,   0,   0,   0,   0,   0,   0,   0,
      0,   0,   0,   0,   0,   0,   0,   0,   0,   0,   0,   0,   0,   0,   0,   0,
      0,   0,   0,   0,   0,   0,   0,   0,   0,   0,   0,   0,   0,   0,   0,   0,
      0,   0,   0,  63,   0, 255,   8, 255,  56, 254, 112, 252, 224, 248, 192, 240,
    128, 224,   0, 192,   0, 128,   0,   0,   0,   0,   0,   0,   0,   0,   0,   0,
      0,   0,   0,   0,   0,   0,   0,   0,   0,   0,   0,   0,   0,   0,   0,   0,
      0,   0,   0,   0,   0,   0,   0,   0,   0,   0,   0,   0,   0,   0,   0,   0,
      0,   0,   0,   0,   0,   0,   0,   0,   0,   0,   0,   0,   0,   0,   0,   0,
      0,   0,   0,   0,   0,   0,   0,   0,   0,   0,   0,   0,   0,   0,   0,   0,
      0,   0,   0,   0,   0,   0,   0,   0,   0,   0,   0,   0,   0,   0,   0,   0,
      0,   0,   0,   0,   0,   0,   0,   0,   0,   0,   0,   0,   0,   0,   0,   0,
      0,   0,   0,   0,   0,   0,   0,   0,   0,   0,   0,   0,   0,   0,   0,   0,
      0,   0,   0,   0,   0,   0,   0,   0,   0,   0,   0,   0,   0,   0,   0,   0,
      0,   3,   0,  31,   0, 255,   0, 255,   1, 255,   3, 255,   7, 255,  14, 255,
     12, 255,  24, 255, 248, 254, 240, 254, 224, 252, 224, 252, 224, 248, 192, 240,
    128, 240,   0, 224,   0, 224,   0, 192,   0, 128,   0,   0,   0,   0,   0,   0,
      0,   0,   0,   0,   0,   0,   0,   0,   0,   0,   0,   0,   0,   0,   0,   0,
      0,   0,   0,   0,   0,   0,   0,   0,   0,   0,   0,   0,   0,   0,   0,   0,
      0,   4,   0,   4,   0,  12,   0,  28,   0,  28,   0,  28,   0,  28,   8,  60,
     16, 248,  48, 248,  96, 240, 224, 240, 192, 224, 128, 192,   0, 128,   0,   0,
      0,   0,   0,   0,   0,   0,   0,   0,   0,   0,   0,   0,   0,   0,   0,   0,
      0,   0,   0,   0,   0,   0,   0,   0,   0,   0,   0,   0,   0,   0,   0,   0,
      0,   0,   0,   0,   0,   0,   0,   0,   0,   0,   0,   0,   0,   0,   0,  31,
      0, 255,   0, 255,   0, 255,   0, 255,   0, 255,   0, 255,   0, 255,   0, 255,
      1, 255,   3, 255,   7, 255,   7, 255,  15, 255,  31, 255,  63, 255,  62, 255,
     60, 255, 120, 255, 120, 255, 240, 254, 224, 252, 192, 248, 128, 248, 128, 240,
      0, 240,   0, 224,   0, 192,   0, 128,   0, 128,   0,   0,   0,   0,   0,   0,
      0,   0,   0,   0,   0,   0,   0,   0,   0,   0,   0,   0,   0,   0,   0,   0,
      0,   0,   0,   0,   0,   0,   0,   0,   0,   0,   0,   0,   0, 255,   0, 255,
    255, 255, 255, 255, 255, 255,  30, 255,   0,  30,   0,   0,   0,   0,   0,   0,
      0,   0,   0,   0,   0,   0,   0,   0,   0,   0,   0,   0,   0,   0,   0,   0,
      0,   0,   0,   0,   0,   0,   0,   0,   0,   0,   0,   0,   0,   0,   0,   0,
      0,   0,   0,   0,   0,   0,   0,   0,   0,   0,   0,   0,   0,   1,   0,   3,
      0,  15,   0,  31,   0,  63,   0, 255,   0, 255,   0, 255,   0, 255,   0, 255,
      0, 255,   0, 255,   0, 255,   0, 255,   0, 255,   0, 255,   0, 255,   0, 255,
      0, 255,   1, 255,   1, 255,   3, 255,   7, 255,   7, 255,  15, 255,  15, 255,
     30, 255,  30, 255,  56, 255,  56, 255,  56, 254,  56, 254, 120, 254, 112, 252,
    112, 252, 112, 252, 112, 252, 112, 252, 112, 252, 112, 252,  48, 252,  48, 252,
    176, 252, 152, 254, 156, 255, 174, 255, 103, 255,  51, 255, 113, 255, 240, 249,
     48, 248, 240, 248, 240, 248,  48, 248, 240, 248,  48, 248, 240, 248, 240, 248,
     48, 248, 240, 248, 248, 252,  24, 252, 120, 252, 120, 252, 136, 252, 248, 252,
    144, 248, 240, 248, 112, 248,   0, 240,   0, 224,   0,   0,   0,   0,   0,   0,
      0,   0,   0,   0,   0,   0,   0,   0,   0,   0,   0,   0,   0,   0,   0,   0,
      0,   0,   0,   1,   0,   3,   0,   3,   0,   3,   0,   7,   0,   7,   0,   7,
      0,  15,   0,  15,   0,  31,   0,  63,   0,  63,   0, 127,   0, 127,   0, 127,
      0, 255,   0, 255,   0, 255,   0, 255,   0, 255,   0, 255,   0, 255,   0, 255,
      0, 255,   0, 255, 128, 255, 128, 255, 128, 255, 192, 255, 192, 255, 224, 255,
    224, 255, 240, 255, 240, 255, 120, 255, 188, 255, 127, 255, 191, 255,  95, 255,
    191, 255,  95, 255, 191, 255,  95, 255,  62, 255, 120, 255,  31, 255,  47, 255,
     30, 255,  15, 255,  14, 255,  22, 255,  46, 255,   6, 255,  11, 255,  23, 255,
      3, 255,   5, 255,  11, 255,   0, 255,   5, 127,   0,  63,   0,  31,   0,  15,
      0,   7,   0,   3,   0,   0,   0,   0,   0,   0,   0,   0,   0,   0,   0,   0,
      0,   0,   0,   0,   0,   0,   0,   0,   0,   0,   0,   0,   0,   0,   0,   0,
      0,   0,   0,   0,   0,   0,   0,   0,   0,   0,   0,   0,   0,   0,   0,   0,
      0,   0,   0,   0,   0,   0,   0,   0,   0,   0,   0,   8,   0,   8,   8,  28,
     28,  62,  28,  63,  28, 127,  62, 255,  94, 255,  63, 255,  95, 255,  47, 255,
     23, 255,  47, 255,  23, 255,  11, 255,  21, 255,  11, 255,   5, 255,  10, 255,
      5, 255,   2, 127,   1, 127,   2, 191,   1, 255,   0, 255,   1, 255, 224, 255,
    248, 255, 248, 255,  56, 255,   0, 255,   0,   7,   0,   7,   0,   7,   0,   7,
      0,   3,   0,   3,   0,   3,   0,   3,   0,   1,   0,   1,   0,   1,   0,   0,
      0,   0,   0,   0,   0,   0,   0,   0,   0,   0,   0,   0,   0,   0,   0,   0,
      0,   0,   0,   0,   0,   0,   0,   0,   0,   0,   0,   0,   0,   0,   0,   0,
      0,   0,   0,   0,   0,   0,   0,   0,   0,   0,   0,   0,   0,   0,   0,   0,
      0,   0,   0,   0,   0,   0,   0,   0,   0,   0,   0,   0,   0,   0,   0,   0,
      0,   0,   0,   0,   0,   0,   0,   0,   0,   0,   0,   0,   0,   0,   0,   0,
      0,   0,   0,   0,   0,   1,   0,   1,   0,   1,   0,   1,   0,   1,   0,   1,
      0,   1,   0,   1,   0,   1,   0,   0,   0, 128,   0, 224,   0, 240,   0, 248,
    192, 255, 240, 255, 252, 255, 127, 255, 127, 255,  63, 127,   7,  63,   0,  15,
      0,   1,   0,   0,   0,   0,   0,   0,   0,   0,   0,   0,   0,   0,   0,   0,
      0,   0,   0,   0,   0,   0,   0,   0,   0,   0,   0,   0,   0,   0,   0,   0,
      0,   0,   0,   0,   0,   0,   0,   0,   0,   0,   0,   0,   0,   0,   0,   0,
      0,   0,   0,   0,   0,   0,   0,   0,   0,   0,   0,   0,   0,   0,   0,   0,
      0,   0,   0,   0,   0,   0,   0,   0,   0,   0,   0,   0,   0,   0,   0,   0,
      0,   0,   0,   0,   0,   0,   0,   0,   0,   0,   0,   0,   0,   0,   0,   0,
      0,   0,   0,   0,   0,   0,   0,   0,   0,   0,   0,   0,   0,   0,   0,   0,
      0,   0,   0,   0,   0,   0,   0,   0,   0,   0,   0,   0,   0,   0,   0,   0,
      0,   0,   0,   0,   0,   1,   0,   1,   0,   1,   0,   1,   0,   1,   0,   1,
      0,   0,   0,   0,   0,   0,   0,   0,   0,   0,   0,   0,   0,   0,   0,   0,
      0,   0,   0,   0,   0,   0,   0,   0,   0,   0,   0,   0,   0,   0,   0,   0,
      0,   0,   0,   0,   0,   0,   0,   0,   0,   0,   0,   0,   0,   0,   0,   0,
      0,   0,   0,  63,  48, 255, 252, 255, 248, 254, 252, 252, 240, 248, 224, 240,
    192, 224, 128, 192,   0, 128,   0,   0,   0,   0,   0,   0,   0,   0,   0,   0,
      0,   0,   0,   0,   0,   0,   0,   0,   0,   0,   0,   0,   0,   0,   0,   0,
      0,   0,   0,   0,   0,   0,   0,   0,   0,   0,   0,   0,   0,   0,   0,   0,
      0,   0,   0,   0,   0,  32,   0,  32,   0,  96,   0,  96,   0, 192,   0, 192,
      0, 128,   0, 128,   0,   0,   0,   0,   0,   0,   0,   0,   0,   0,   0,   0,
      0,   0,   0,   0,   0,   0,   0,   0,   0,   0,   0,   0,   0,   0,   0,   0,
      0,   0,   0,   0,   0,   0,   0,   0,   0,   0,   0,   0,   0,   0,   0,   0,
      0,   0,   0,   0,   0,   0,   0,   0,   0,   0,   0,   0,   0,   0,   0,   0,
      0,   0,   0,   0,   0,   0,   0,   0,   0,   0,   0,   0,   0,   0,   0,   0,
      0,   3,   3,  31,  31, 255, 255, 255, 255, 255, 255, 255, 255, 255, 255, 255,
    254, 255, 254, 255, 252, 254, 252, 254, 248, 252, 248, 252, 240, 248, 224, 240,
    224, 240, 192, 224, 192, 224, 128, 192,   0, 128,   0,   0,   0,   0,   0,   0,
      0,   0,   0,   0,   0,   0,   0,   0,   0,   0,   0,   0,   0,   0,   0,   0,
      0,   0,   0,   0,   0,   0,   0,   0,   0,   0,   0,   1,   1,   3,   2,   7,
      2,   7,   4,  14,  12,  30,  24, 124, 112, 252, 240, 248, 224, 240, 224, 240,
    192, 224, 128, 192,   0, 128,   0,   0,   0,   0,   0,   0,   0,   0,   0,   0,
      0,   0,   0,   0,   0,   0,   0,   0,   0,   0,   0,   0,   0,   0,   0,   0,
      0,   0,   0,   0,   0,   0,   0,   0,   0,   0,   0,   0,   0,   0,   0,   0,
      0,   0,   0,   0,   0,   0,   0,   0,   0,   0,   0,   0,   0,   0,   0,  31,
     15, 255, 127, 255, 255, 255, 255, 255, 255, 255, 255, 255, 255, 255, 255, 255,
    255, 255, 255, 255, 255, 255, 255, 255, 255, 255, 255, 255, 255, 255, 255, 255,
    255, 255, 255, 255, 254, 255, 252, 254, 248, 252, 240, 248, 240, 248, 224, 240,
    224, 240, 192, 224, 128, 192,   0, 128,   0, 128,   0,   0,   0,   0,   0,   0,
      0,   0,   0,   0,   0,   0,   0,   0,   0,   0,   0,   0,   0,   0,   0,   0,
      0,   0,   0,   1,   1, 255, 255, 255, 255, 255, 255, 255, 255, 255,  30, 255,
      0,  62,   0,   0,   0,   0,   0,   0,   0,   0,   0,   0,   0,   0,   0,   0,
      0,   0,   0,   0,   0,   0,   0,   0,   0,   0,   0,   0,   0,   0,   0,   0,
      0,   0,   0,   0,   0,   0,   0,   0,   0,   0,   0,   0,   0,   0,   0,   0,
      0,   0,   0,   0,   0,   0,   0,   0,   0,   0,   0,   0,   0,   1,   1,   3,
      3,  15,  15,  31,  31,  63,  63, 255, 127, 255, 255, 255, 255, 255, 255, 255,
    255, 255, 255, 255, 255, 255, 255, 255, 255, 255, 255, 255, 255, 255, 255, 255,
    255, 255, 255, 255, 255, 255, 255, 255, 255, 255, 255, 255, 255, 255, 255, 255,
    255, 255, 255, 255, 254, 255, 254, 255, 252, 254, 252, 254, 252, 254, 248, 252,
    248, 252, 248, 252, 248, 252, 248, 252, 248, 252, 248, 252, 252, 255, 255, 255,
    247, 255, 247, 255, 243, 255, 241, 251, 240, 249, 240, 248, 240, 248, 240, 248,
    240, 248, 240, 248, 240, 248, 240, 248, 240, 248, 240, 248, 240, 248, 240, 248,
    240, 248, 240, 248, 248, 252, 248, 252, 248, 252, 248, 252, 248, 252, 248, 252,
    240, 248, 240, 248, 240, 248, 224, 240,   0, 224,   0,   0,   0,   0,   0,   0,
      0,   0,   0,   0,   0,   0,   0,   0,   0,   0,   0,   0,   0,   0,   0,   0,
      0,   0,   0,   1,   0,   3,   0,   3,   1,   3,   3,   7,   3,   7,   3,   7,
      3,  15,   3,  15,  15,  31,  15,  63,  15,  63,  63, 127,  63, 127,  63, 127,
    127, 255, 127, 255, 127, 255, 127, 255, 127, 255, 159, 255, 239, 255, 231, 255,
    243, 255, 249, 255, 252, 255, 254, 255, 255, 255, 255, 255, 255, 255, 255, 255,
    255, 255, 255, 255, 255, 255, 255, 255, 255, 255, 255, 255, 255, 255, 255, 255,
    255, 255, 255, 255, 255, 255, 255, 255, 255, 255, 255, 255, 255, 255, 255, 255,
    255, 255, 255, 255, 255, 255, 255, 255, 255, 255, 255, 255, 255, 255, 255, 255,
    255, 255, 255, 255, 127, 255, 127, 255,  63, 127,  31,  63,  15,  31,   7,  15,
      3,   7,   0,   3,   0,   0,   0,   0,   0,   0,   0,   0,   0,   0,   0,   0,
      0,   0,   0,   0,   0,   0,   0,   0,   0,   0,   0,   0,   0,   0,   0,   0,
      0,   0,   0,   0,   0,   0,   0,   0,   0,   0,   0,  64,   0, 224, 224, 240,
    224, 248, 248, 252, 248, 252, 248, 252, 248, 252, 252, 254, 252, 254, 254, 255,
    255, 255, 255, 255, 255, 255, 255, 255, 255, 255, 255, 255, 255, 255, 255, 255,
    255, 255, 255, 255, 255, 255, 255, 255, 255, 255, 255, 255, 127, 255, 127, 255,
    191, 255, 223, 255, 239, 255, 243, 255, 251, 255, 251, 255, 251, 255,  27, 255,
      3,  31,   3,   7,   3,   7,   3,   7,   3,   7,   3,   7,   3,   7,   3,   7,
      1,   3,   1,   3,   1,   3,   1,   3,   0,   1,   0,   1,   0,   1,   0,   0,
      0,   0,   0,   0,   0,   0,   0,   0,   0,   0,   0,   0,   0,   0,   0,   0,
      0,   0,   0,   0,   0,   0,   0,   0,   0,   0,   0,   0,   0,   0,   0,   0,
      0,   0,   0,   0,   0,   0,   0,   0,   0,   0,   0,   0,   0,   0,   0,   0,
      0,   0,   0,   0,   0,   0,   0,   1,   0,   1,   0,   1,   1,   3,   1,   3,
      3,   7,   3,   7,   3,   7,   3,   7,   7,  15,   7,  15,   7,  15,   7,  15,
      7,  15,   7,  15,   7,  15,   3,   7,   3,   7,   3,   7,   3,   7,   1, 131,
    129, 195, 193, 227, 224, 241, 240, 248, 248, 255, 255, 255, 255, 255, 255, 255,
    127, 255,  63, 255,  31, 127,   0,  31,   0,   0,   0,   0,   0,   0,   0,   0,
      0,   0,   0,   0,   0,   0,   0,   0,   0,   0,   0,   0,   0,   0,   0,   0,
      0,   0,   0,   0,   0,   0,   0,   0,   0,   0,   0,   0,   0,   0,   0,   0,
      0,   0,   0,   0,   0,   0,   0,   0,   0,   0,   0,   0,   0,   0,   0,   0,
      0,   0,   0,   0,   0,   0,   0,   0,   0,   0,   0,   0,   0,   0,   0,   0,
      0,   0,   0,   0,   0,   0,   0,   0,   0,   0,   0,   0,   0,   0,   0,   0,
      0,   0,   0,   0,   0,   0,   0,   0,   0,   0,   0,   0,   0,   0,   0,   0,
      0,   0,   0,   0,   0,   0,   0,   0,   0,   0,   0,   0,   0,   0,   0,   0,
      0,  12,   0,  14,   6,  15,   6,  15,   7,  15,   7,  15,   7,  15,   7,  15,
      7,  15,   3,   7,   3,   7,   1,   3,   0,   1,   0,   0,   0,   0,   0,   0,
      0,   0,   0,   0,   0,   0,   0,   0,   0,   0,   0,   0,   0,   0,   0,   0,
      0,   0,   0,   0,   0,   0,   0,   0,   0,   0,   0,   0,   0,   0,   0,   0,
      0,   0,   0,   0,   0,   0,   0,   0,   0,   0,   0,   0,   0,   0,   0,   0,
      0,   0,   0,  63,   0, 255, 200, 255, 184, 254, 120, 252, 240, 248, 224, 240,
    192, 224, 128, 192,   0, 128,   0,   0,   0,   0,   0,   0,   0,   0,   0,   0,
      0,   0,   0,   0,   0,   0,   0,   0,   0,   0,   0,   0,   0,   0,   0,   0,
      0,   0,   0,   0,   0,   0,   0,   0,   0,   0,   0,   0,   0,   0,   0,   0,
      0,   0,   0,   0,   0,  32,   0,  32,   0,  96,   0,  96,   0, 192,   0, 192,
      0, 128,   0, 128,   0,   0,   0,   0,   0,   0,   0,   0,   0,   0,   0,   0,
      0,   0,   0,   0,   0,   0,   0,   0,   0,   0,   0,   0,   0,   0,   0,   0,
      0,   0,   0,   0,   0,   0,   0,   0,   0,   0,   0,   0,   0,   0,   0,   0,
      0,   0,   0,   0,   0,   0,   0,   0,   0,   0,   0,   0,   0,   0,   0,   0,
      0,   0,   0,   0,   0,   0,   0,   0,   0,   0,   0,   0,   0,   0,   0,   0,
      0,   3,   1,  31,  15, 255,  30, 255, 125, 255, 251, 255, 247, 255, 239, 255,
    222, 255,  62, 255, 252, 254, 252, 254, 248, 252, 248, 252, 240, 248, 224, 240,
    224, 240, 192, 224, 192, 224,   0, 192,   0, 128,   0,   0,   0,   0,   0,   0,
      0,   0,   0,   0,   0,   0,   0,   0,   0,   0,   0,   0,   0,   0,   0,   0,
      0,   0,   0,   0,   0,   0,   0,   0,   0,   0,   0,   1,   1,   3,   2,   7,
      2,   7,   4,  14,  12,  30,  24, 124, 112, 252, 240, 248, 224, 240, 224, 240,
    192, 224, 128, 192,   0, 128,   0,   0,   0,   0,   0,   0,   0,   0,   0,   0,
      0,   0,   0,   0,   0,   0,   0,   0,   0,   0,   0,   0,   0,   0,   0,   0,
      0,   0,   0,   0,   0,   0,   0,   0,   0,   0,   0,   0,   0,   0,   0,   0,
      0,   0,   0,   0,   0,   0,   0,   0,   0,   0,   0,   0,   0,   0,   0,  31,
      0, 255,   1, 255,   2, 255,  21, 255,  43, 255,  87, 255,  15, 255,  62, 255,
    253, 255,  59, 255, 247, 255, 119, 255, 239, 255, 223, 255, 191, 255, 191, 255,
    191, 255, 127, 255, 126, 255, 252, 254, 248, 252, 240, 248, 240, 248, 224, 240,
    224, 240, 192, 224, 128, 192,   0, 128,   0, 128,   0,   0,   0,   0,   0,   0,
      0,   0,   0,   0,   0,   0,   0,   0,   0,   0,   0,   0,   0,   0,   0,   0,
      0,   0,   0,   1,   1, 255, 255, 255, 255, 255, 255, 255, 255, 255,  30, 255,
      0,  62,   0,   0,   0,   0,   0,   0,   0,   0,   0,   0,   0,   0,   0,   0,
      0,   0,   0,   0,   0,   0,   0,   0,   0,   0,   0,   0,   0,   0,   0,   0,
      0,   0,   0,   0,   0,   0,   0,   0,   0,   0,   0,   0,   0,   0,   0,   0,
      0,   0,   0,   0,   0,   0,   0,   0,   0,   0,   0,   0,   0,   1,   0,   3,
      0,  15,   0,  31,   0,  63,   0, 255,   1, 255,   2, 255,   1, 255,   2, 255,
      5, 255,  10, 255,  21, 255,  43, 255,  87, 255,   3, 255, 175, 255,  95, 255,
    190, 255,  93, 255, 189, 255, 123, 255, 183, 255, 119, 255, 239, 255, 239, 255,
    223, 255, 223, 255, 190, 255, 190, 255, 188, 254, 188, 254, 188, 254,  56, 252,
     56, 252,  24, 252,  88, 252, 104, 252, 232, 252, 232, 252, 236, 255, 239, 255,
    247, 255, 247, 255, 243, 255, 241, 251, 240, 249, 240, 248, 240, 248, 240, 248,
    240, 248, 240, 248, 240, 248, 240, 248, 240, 248, 240, 248, 240, 248, 240, 248,
    240, 248, 240, 248, 248, 252, 248, 252, 248, 252, 248, 252, 248, 252, 248, 252,
    240, 248, 240, 248, 240, 248, 224, 240,   0, 224,   0,   0,   0,   0,   0,   0,
      0,   0,   0,   0,   0,   0,   0,   0,   0,   0,   0,   0,   0,   0,   0,   0,
      0,   0,   0,   1,   0,   3,   0,   3,   0,   3,   0,   7,   0,   7,   0,   7,
      0,  15,   0,  15,   0,  31,   0,  63,   1,  63,   0, 127,   1, 127,   0, 127,
      3, 255,   0, 255,   3, 255,   4, 255,   1, 255, 131, 255, 228, 255, 227, 255,
    240, 255, 249, 255, 252, 255, 254, 255, 254, 255, 255, 255, 255, 255, 255, 255,
    255, 255, 254, 255, 254, 255, 254, 255, 253, 255, 243, 255, 239, 255, 255, 255,
    255, 255, 255, 255,  31, 255, 255, 255, 255, 255,  31, 255, 255, 255, 255, 255,
     31, 255, 255, 255,  31, 255, 255, 255, 255, 255, 143, 255, 255, 255, 255, 255,
    199, 255, 255, 255, 127, 255,  35, 255,  63, 127,  17,  63,  15,  31,   7,  15,
      3,   7,   0,   3,   0,   0,   0,   0,   0,   0,   0,   0,   0,   0,   0,   0,
      0,   0,   0,   0,   0,   0,   0,   0,   0,   0,   0,   0,   0,   0,   0,   0,
      0,   0,   0,   0,   0,   0,   0,   0,   0,   0,   0,  64,   0, 224, 224, 240,
    224, 248, 248, 252, 248, 252, 248, 252, 248, 252, 252, 254, 252, 254, 254, 255,
    255, 255, 255, 255, 255, 255, 255, 255, 255, 255, 255, 255, 255, 255, 255, 255,
    255, 255, 255, 255, 255, 255, 255, 255, 255, 255, 255, 255, 127, 255, 127, 255,
    191, 255, 223, 255, 239, 255, 241, 255, 251, 255, 251, 255, 251, 255,  27, 255,
      3,  31,   3,   7,   3,   7,   3,   7,   3,   7,   3,   7,   3,   7,   3,   7,
      1,   3,   1,   3,   1,   3,   1,   3,   0,   1,   0,   1,   0,   1,   0,   0,
      0,   0,   0,   0,   0,   0,   0,   0,   0,   0,   0,   0,   0,   0,   0,   0,
      0,   0,   0,   0,   0,   0,   0,   0,   0,   0,   0,   0,   0,   0,   0,   0,
      0,   0,   0,   0,   0,   0,   0,   0,   0,   0,   0,   0,   0,   0,   0,   0,
      0,   0,   0,   0,   0,   0,   0,   1,   0,   1,   0,   1,   1,   3,   1,   3,
      3,   7,   3,   7,   3,   7,   3,   7,   7,  15,   7,  15,   7,  15,   7,  15,
      7,  15,   7,  15,   7,  15,   3,   7,   3,   7,   3,   7,   3,   7,   1, 131,
    129, 195, 193, 227, 224, 241, 240, 248, 248, 255, 255, 255, 255, 255, 255, 255,
    127, 255,  63, 255,  31, 127,   0,  31,   0,   0,   0,   0,   0,   0,   0,   0,
      0,   0,   0,   0,   0,   0,   0,   0,   0,   0,   0,   0,   0,   0,   0,   0,
      0,   0,   0,   0,   0,   0,   0,   0,   0,   0,   0,   0,   0,   0,   0,   0,
      0,   0,   0,   0,   0,   0,   0,   0,   0,   0,   0,   0,   0,   0,   0,   0,
      0,   0,   0,   0,   0,   0,   0,   0,   0,   0,   0,   0,   0,   0,   0,   0,
      0,   0,   0,   0,   0,   0,   0,   0,   0,   0,   0,   0,   0,   0,   0,   0,
      0,   0,   0,   0,   0,   0,   0,   0,   0,   0,   0,   0,   0,   0,   0,   0,
      0,   0,   0,   0,   0,   0,   0,   0,   0,   0,   0,   0,   0,   0,   0,   0,
      0,  12,   0,  14,   6,  15,   6,  15,   7,  15,   7,  15,   7,  15,   7,  15,
      7,  15,   3,   7,   3,   7,   1,   3,   0,   1,   0,   0,   0,   0,   0,   0,
      0,   0,   0,   0,   0,   0,   0,   0,   0,   0,   0,   0,   0,   0,   0,   0,
      0,   0,   0,   0,   0,   0,   0,   0,   0,   0,   0,   0,   0,   0,   0,   0,
      0,   0,   0,   0,   0,   0,   0,   0,   0,   0,   0,   0,   0,   0,   0,   0,
      0,   0,   0,  63,   0, 255,   8, 255,  56, 254, 112, 252, 224, 248, 192, 240,
    128, 224,   0, 192,   0, 128,   0,   0,   0,   0,   0,   0,   0,   0,   0,   0,
      0,   0,   0,   0,   0,   0,   0,   0,   0,   0,   0,   0,   0,   0,   0,   0,
      0,   0,   0,   0,   0,   0,   0,   0,   0,   0,   0,   0,   0,   0,   0,   0,
      0,   0,   0,   0,   0,  32,   0,  32,   0,  96,   0,  96,   0, 192,   0, 192,
      0, 128,   0, 128,   0,   0,   0,   0,   0,   0,   0,   0,   0,   0,   0,   0,
      0,   0,   0,   0,   0,   0,   0,   0,   0,   0,   0,   0,   0,   0,   0,   0,
      0,   0,   0,   0,   0,   0,   0,   0,   0,   0,   0,   0,   0,   0,   0,   0,
      0,   0,   0,   0,   0,   0,   0,   0,   0,   0,   0,   0,   0,   0,   0,   0,
      0,   0,   0,   0,   0,   0,   0,   0,   0,   0,   0,   0,   0,   0,   0,   0,
      0,   3,   0,  31,   0, 255,   0, 255,   1, 255,   3, 255,   7, 255,  14, 255,
     12, 255,  24, 255, 248, 254, 240, 254, 224, 252, 224, 252, 224, 248, 192, 240,
    128, 240,   0, 224,   0, 224,   0, 192,   0, 128,   0,   0,   0,   0,   0,   0,
      0,   0,   0,   0,   0,   0,   0,   0,   0,   0,   0,   0,   0,   0,   0,   0,
      0,   0,   0,   0,   0,   0,   0,   0,   0,   0,   0,   1,   0,   3,   0,   7,
      0,   7,   0,  14,   4,  30,   8, 124,  16, 252,  48, 248, 224, 240, 224, 240,
    192, 224, 128, 192,   0, 128,   0,   0,   0,   0,   0,   0,   0,   0,   0,   0,
      0,   0,   0,   0,   0,   0,   0,   0,   0,   0,   0,   0,   0,   0,   0,   0,
      0,   0,   0,   0,   0,   0,   0,   0,   0,   0,   0,   0,   0,   0,   0,   0,
      0,   0,   0,   0,   0,   0,   0,   0,   0,   0,   0,   0,   0,   0,   0,  31,
      0, 255,   0, 255,   0, 255,   0, 255,   0, 255,   0, 255,   0, 255,   0, 255,
      1, 255,   3, 255,   7, 255,   7, 255,  15, 255,  31, 255,  63, 255,  62, 255,
     60, 255, 120, 255, 120, 255, 240, 254, 224, 252, 192, 248, 128, 248, 128, 240,
      0, 240,   0, 224,   0, 192,   0, 128,   0, 128,   0,   0,   0,   0,   0,   0,
      0,   0,   0,   0,   0,   0,   0,   0,   0,   0,   0,   0,   0,   0,   0,   0,
      0,   0,   0,   1,   0, 255,   1, 255, 255, 255, 255, 255, 255, 255,  30, 255,
      0,  62,   0,   0,   0,   0,   0,   0,   0,   0,   0,   0,   0,   0,   0,   0,
      0,   0,   0,   0,   0,   0,   0,   0,   0,   0,   0,   0,   0,   0,   0,   0,
      0,   0,   0,   0,   0,   0,   0,   0,   0,   0,   0,   0,   0,   0,   0,   0,
      0,   0,   0,   0,   0,   0,   0,   0,   0,   0,   0,   0,   0,   1,   0,   3,
      0,  15,   0,  31,   0,  63,   0, 255,   0, 255,   0, 255,   0, 255,   0, 255,
      0, 255,   0, 255,   0, 255,   0, 255,   0, 255,   0, 255,   0, 255,   0, 255,
      0, 255,   1, 255,   1, 255,   3, 255,   7, 255,   7, 255,  15, 255,  15, 255,
     30, 255,  30, 255,  56, 255,  56, 255,  56, 254,  56, 254,  56, 254,  48, 252,
     48, 252,  16, 252,  16, 252,  96, 252, 224, 252,  32, 252, 224, 255, 236, 255,
     55, 255, 247, 255,  51, 255, 241, 251, 240, 249,  48, 248, 240, 248, 240, 248,
     48, 248, 240, 248, 240, 248,  48, 248, 240, 248,  48, 248, 240, 248, 240, 248,
     48, 248, 240, 248, 248, 252,  24, 252, 120, 252, 120, 252, 136, 252, 248, 252,
    144, 248, 240, 248, 112, 248,   0, 240,   0, 224,   0,   0,   0,   0,   0,   0,
      0,   0,   0,   0,   0,   0,   0,   0,   0,   0,   0,   0,   0,   0,   0,   0,
      0,   0,   0,   1,   0,   3,   0,   3,   0,   3,   0,   7,   0,   7,   0,   7,
      0,  15,   0,  15,   0,  31,   0,  63,   0,  63,   0, 127,   0, 127,   0, 127,
      0, 255,   0, 255,   0, 255,   0, 255,   0, 255, 128, 255, 128, 255, 192, 255,
    192, 255, 224, 255, 240, 255, 248, 255, 252, 255, 255, 255, 255, 255, 255, 255,
    255, 255, 254, 255, 254, 255, 254, 255, 253, 255, 242, 255, 239, 255,  14, 255,
     95, 255,  47, 255,  30, 255,  47, 255,  95, 255,  14, 255,  95, 255,  47, 255,
     30, 255,  15, 255,  14, 255,  22, 255,  46, 255,   6, 255,  11, 255,  23, 255,
      3, 255,   5, 255,  11, 255,   0, 255,   5, 127,   0,  63,   0,  31,   0,  15,
      0,   7,   0,   3,   0,   0,   0,   0,   0,   0,   0,   0,   0,   0,   0,   0,
      0,   0,   0,   0,   0,   0,   0,   0,   0,   0,   0,   0,   0,   0,   0,   0,
      0,   0,   0,   0,   0,   0,   0,   0,   0,   0,   0,  64,   0, 224, 160, 240,
     96, 248, 184, 252, 120, 252, 184, 252, 120, 252, 188, 254, 124, 254, 190, 255,
     63, 255, 127, 255, 191, 255, 127, 255,  63, 255,  95, 255,  63, 255,  95, 255,
     63, 255,  47, 255,  23, 255,  43, 255,  21, 255,  11, 255,  21, 255,  10, 255,
      5, 255,   2, 255, 129, 255, 193, 255, 224, 255, 248, 255, 248, 255,  24, 255,
      0,  31,   0,   7,   0,   7,   0,   7,   0,   7,   0,   7,   0,   7,   0,   7,
      0,   3,   0,   3,   0,   3,   0,   3,   0,   1,   0,   1,   0,   1,   0,   0,
      0,   0,   0,   0,   0,   0,   0,   0,   0,   0,   0,   0,   0,   0,   0,   0,
      0,   0,   0,   0,   0,   0,   0,   0,   0,   0,   0,   0,   0,   0,   0,   0,
      0,   0,   0,   0,   0,   0,   0,   0,   0,   0,   0,   0,   0,   0,   0,   0,
      0,   0,   0,   0,   0,   0,   0,   1,   0,   1,   0,   1,   0,   3,   1,   3,
      0,   7,   0,   7,   0,   7,   0,   7,   0,  15,   0,  15,   0,  15,   0,  15,
      0,  15,   0,  15,   0,  15,   0,   7,   0,   7,   0,   7,   0,   7,   0, 131,
      0, 195,   0, 227,   0, 241, 128, 248, 192, 255, 224, 255, 254, 255, 255, 255,
    127, 255,  63, 255,  31, 127,   0,  31,   0,   0,   0,   0,   0,   0,   0,   0,
      0,   0,   0,   0,   0,   0,   0,   0,   0,   0,   0,   0,   0,   0,   0,   0,
      0,   0,   0,   0,   0,   0,   0,   0,   0,   0,   0,   0,   0,   0,   0,   0,
      0,   0,   0,   0,   0,   0,   0,   0,   0,   0,   0,   0,   0,   0,   0,   0,
      0,   0,   0,   0,   0,   0,   0,   0,   0,   0,   0,   0,   0,   0,   0,   0,
      0,   0,   0,   0,   0,   0,   0,   0,   0,   0,   0,   0,   0,   0,   0,   0,
      0,   0,   0,   0,   0,   0,   0,   0,   0,   0,   0,   0,   0,   0,   0,   0,
      0,   0,   0,   0,   0,   0,   0,   0,   0,   0,   0,   0,   0,   0,   0,   0,
      0,  12,   0,  14,   0,  15,   0,  15,   0,  15,   4,  15,   4,  15,   6,  15,
      7,  15,   3,   7,   3,   7,   1,   3,   0,   1,   0,   0,   0,   0,   0,   0,
      0,   0,   0,   0,   0,   0,   0,   0,   0,   0,   0,   0,   0,   0,   0,   0,
      0,   0,   0,   0,   0,   0,   0,   0,   0,   0,   0,   0,   0,   0,   0,   0,
      0,   0,   0,   0,   0,   0,   0,   0,   0,   0,   0,   0,   0,   0,   0,   0,
      0,   0,   0,  63,  48, 255, 252, 255, 248, 254, 252, 252, 240, 248, 224, 240,
    192, 224, 128, 192,   0, 128,   0,   0,   0,   0,   0,   0,   0,   0,   0,   0,
      0,   0,   0,   0,   0,   0,   0,   0,   0,   0,   0,   0,   0,   0,   0,   0,
      0,   0,   0,   0,   0,   0,   0,   0,   0,   0,   0,   0,   0,   2,   0,   2,
      2,   7,   4,  14,   8,  30,  24,  60,  48, 120,  96, 240, 192, 224, 128, 192,
      0, 128,   0,   0,   0,   0,   0,   0,   0,   0,   0,   0,   0,   0,   0,   0,
      0,   0,   0,   0,   0,   0,   0,   0,   0,   0,   0,   0,   0,   0,   0,   0,
      0,   0,   0,   0,   0,   0,   0,   0,   0,   0,   0,   0,   0,   0,   0,   0,
      0,   0,   0,   0,   0,   0,   0,   0,   0,   0,   0,   0,   0,   0,   0,   0,
      0,   0,   0,   0,   0,   0,   0,   0,   0,   0,   0,   0,   0,   0,   0,   0,
      0,   3,   3,  31,  31, 255, 255, 255, 255, 255, 255, 255, 255, 255, 255, 255,
    254, 255, 254, 255, 252, 254, 252, 254, 248, 252, 248, 252, 240, 248, 224, 240,
    224, 240, 192, 224, 192, 224, 128, 192,   0, 128,   0,   0,   0,   0,   0,   0,
      0,   0,   0,   0,   0,   0,   0,   0,   0,   0,   0,   0,   0,   0,   0,   0,
      0,   0,   0,   0,   0,   0,   0,   1,   1,   7,   7,  15,  14,  63,  60, 254,
    248, 252, 240, 248, 224, 240, 128, 224,   0, 128,   0,   0,   0,   0,   0,   0,
      0,   0,   0,   0,   0,   0,   0,   0,   0,   0,   0,   0,   0,   0,   0,   0,
      0,   0,   0,   0,   0,   0,   0,   0,   0,   0,   0,   0,   0,   0,   0,   0,
      0,   0,   0,   0,   0,   0,   0,   0,   0,   0,   0,   0,   0,   0,   0,   0,
      0,   0,   0,   0,   0,   0,   0,   0,   0,   0,   0,   0,   0,   0,   0,  31,
     15, 255, 127, 255, 255, 255, 255, 255, 255, 255, 255, 255, 255, 255, 255, 255,
    255, 255, 255, 255, 255, 255, 255, 255, 255, 255, 255, 255, 255, 255, 255, 255,
    255, 255, 255, 255, 254, 255, 252, 254, 248, 252, 240, 248, 240, 248, 224, 240,
    224, 240, 192, 224, 128, 192, 128, 192, 128, 192, 128, 192,   0, 128,   0, 128,
      0, 128,   0, 128,   0, 128,   0, 128,   0, 128, 192, 195, 131, 255, 255, 255,
    255, 255, 255, 255, 120, 255,   0, 248,   0,   0,   0,   0,   0,   0,   0,   0,
      0,   0,   0,   0,   0,   0,   0,   0,   0,   0,   0,   0,   0,   0,   0,   0,
      0,   0,   0,   0,   0,   0,   0,   0,   0,   0,   0,   0,   0,   0,   0,   0,
      0,   0,   0,   0,   0,   0,   0,   0,   0,   0,   0,   0,   0,   0,   0,   0,
      0,   0,   0,   0,   0,   0,   0,   0,   0,   0,   0,   0,   0,   1,   1,   3,
      3,  15,  15,  31,  31,  63,  63, 255, 127, 255, 255, 255, 255, 255, 255, 255,
    255, 255, 255, 255, 255, 255, 255, 255, 255, 255, 255, 255, 255, 255, 255, 255,
    255, 255, 255, 255, 255, 255, 255, 255, 255, 255, 255, 255, 255, 255, 255, 255,
    255, 255, 255, 255, 255, 255, 255, 255, 255, 255, 255, 255, 255, 255, 255, 255,
    255, 255, 255, 255, 255, 255, 255, 255, 239, 255, 247, 255, 241, 255, 240, 249,
    240, 248, 240, 248, 240, 248, 240, 248, 240, 248, 240, 248, 240, 248, 240, 248,
    240, 248, 240, 248, 240, 248, 240, 248, 240, 248, 240, 248, 240, 248, 240, 248,
    240, 248, 240, 248, 248, 252, 248, 252, 248, 252, 248, 252, 248, 252, 248, 252,
    240, 248, 240, 248, 240, 248, 224, 240,   0, 224,   0,   0,   0,   0,   0,   0,
      0,   0,   0,   0,   0,   0,   0,   0,   0,   0,   0,   0,   0,   0,   0,   0,
      0,   0,   0,   1,   0,   3,   0,   3,   1,   3,   3,   7,   3,   7,   3,   7,
      3,  15,   3,  15,  15, 159,  15, 191,  15, 191, 191, 255, 191, 255, 191, 255,
    191, 255, 191, 255, 191, 255, 159, 255, 207, 255, 207, 255, 231, 255, 231, 255,
    243, 255, 249, 255, 252, 255, 254, 255, 255, 255, 255, 255, 255, 255, 255, 255,
    255, 255, 255, 255, 255, 255, 255, 255, 255, 255, 255, 255, 255, 255, 255, 255,
    255, 255, 255, 255, 255, 255, 255, 255, 255, 255, 255, 255, 255, 255, 255, 255,
    255, 255, 255, 255, 255, 255, 255, 255, 255, 255, 255, 255, 255, 255, 255, 255,
    255, 255, 255, 255, 127, 255, 127, 255,  63, 127,  31,  63,  15,  31,   7,  15,
      3,   7,   0,   3,   0,   0,   0,   0,   0,   0,   0,   0,   0,   0,   0,   0,
      0,   0,   0,   0,   0,   0,   0, 112, 112, 248, 240, 248, 248, 252, 248, 252,
    252, 254, 252, 254, 252, 254, 254, 255, 254, 255, 254, 255, 254, 255, 255, 255,
    255, 255, 255, 255, 255, 255, 255, 255, 255, 255, 255, 255, 255, 255, 255, 255,
    255, 255, 255, 255, 255, 255, 255, 255, 255, 255, 255, 255, 255, 255, 255, 255,
    255, 255, 255, 255, 255, 255, 255, 255,  63, 255,  15,  63,  59, 255, 251, 255,
    243, 255, 195, 247,   3, 199,   3,   7,   3,   7,   3,   7,   3,   7,   3,   7,
      3,   7,   3,   7,   3,   7,   3,   7,   3,   7,   3,   7,   3,   7,   3,   7,
      1,   3,   1,   3,   1,   3,   1,   3,   0,   1,   0,   1,   0,   1,   0,   0,
      0,   0,   0,   0,   0,   0,   0,   0,   0,   0,   0,   0,   0,   0,   0,   0,
      0,   0,   0,   0,   0,   0,   0,   0,   0,   0,   0,   0,   0,   0,   0,   0,
      0,   0,   0,   0,   0,   3,   1,   3,   3,   7,   3,   7,   3,   7,   7,  15,
      7,  15,   7,  15,   7,  15,   7,  15,  15,  31,  15,  31,  15,  31,  15,  31,
     15,  31,  15,  31,  15,  31,  15,  31,  15,  31,   7,  15,   7,  15,   7,  15,
      7,  15,   3,   7,   3,   7,   3,   7,   3,   7,   1,   3,   1,   3,   0, 129,
      0, 129, 128, 192, 192, 224, 224, 240, 240, 255, 255, 255, 127, 255,  31, 127,
      0,  31,   0,   0,   0,   0,   0,   0,   0,   0,   0,   0,   0,   0,   0,   0,
      0,   0,   0,   0,   0,   0,   0,   0,   0,   0,   0,   0,   0,   0,   0,   0,
      0,   0,   0,   0,   0,   0,   0,   0,   0,   0,   0,   0,   0,   0,   0,   0,
      0,   0,   0,   0,   0,   0,   0,   0,   0,   0,   0,   0,   0,   0,   0,   0,
      0,   0,   0,   0,   0,   0,   0,   0,   0,   0,   0,   0,   0,   0,   0,   0,
      0,   0,   0,   0,   0,   0,   0,   0,   0,   0,   0,   0,   0,   0,   0,   0,
      0,   0,   0,   0,   0,   0,   0,   0,   0, 192,   0, 192,   0, 192,   0, 192,
      0, 192,   0, 224,  64, 224,  64, 224,  96, 240,  96, 240, 112, 248, 112, 248,
     56, 124,  56, 124,  60, 126,  28,  63,  15,  31,  15,  31,   7,  15,   7,  15,
      3,   7,   1,   3,   0,   1,   0,   0,   0,   0,   0,   0,   0,   0,   0,   0,
      0,   0,   0,   0,   0,   0,   0,   0,   0,   0,   0,   0,   0,   0,   0,   0,
      0,   0,   0,   0,   0,   0,   0,   0,   0,   0,   0,   0,   0,   0,   0,   0,
      0,   0,   0,   0,   0,   0,   0,   0,   0,   0,   0,   0,   0,   0,   0,   0,
      0,   0,   0,  63,   0, 255, 200, 255, 184, 254, 120, 252, 240, 248, 224, 240,
    192, 224, 128, 192,   0, 128,   0,   0,   0,   0,   0,   0,   0,   0,   0,   0,
      0,   0,   0,   0,   0,   0,   0,   0,   0,   0,   0,   0,   0,   0,   0,   0,
      0,   0,   0,   0,   0,   0,   0,   0,   0,   0,   0,   0,   0,   2,   0,   2,
      2,   7,   4,  14,   8,  30,  24,  60,  48, 120,  96, 240, 192, 224, 128, 192,
      0, 128,   0,   0,   0,   0,   0,   0,   0,   0,   0,   0,   0,   0,   0,   0,
      0,   0,   0,   0,   0,   0,   0,   0,   0,   0,   0,   0,   0,   0,   0,   0,
      0,   0,   0,   0,   0,   0,   0,   0,   0,   0,   0,   0,   0,   0,   0,   0,
      0,   0,   0,   0,   0,   0,   0,   0,   0,   0,   0,   0,   0,   0,   0,   0,
      0,   0,   0,   0,   0,   0,   0,   0,   0,   0,   0,   0,   0,   0,   0,   0,
      0,   3,   1,  31,  15, 255,  30, 255, 125, 255, 251, 255, 247, 255, 239, 255,
    222, 255,  62, 255, 252, 254, 252, 254, 248, 252, 248, 252, 240, 248, 224, 240,
    224, 240, 192, 224, 192, 224,   0, 192,   0, 128,   0,   0,   0,   0,   0,   0,
      0,   0,   0,   0,   0,   0,   0,   0,   0,   0,   0,   0,   0,   0,   0,   0,
      0,   0,   0,   0,   0,   0,   0,   1,   1,   7,   7,  15,  14,  63,  60, 254,
    248, 252, 240, 248, 224, 240, 128, 224,   0, 128,   0,   0,   0,   0,   0,   0,
      0,   0,   0,   0,   0,   0,   0,   0,   0,   0,   0,   0,   0,   0,   0,   0,
      0,   0,   0,   0,   0,   0,   0,   0,   0,   0,   0,   0,   0,   0,   0,   0,
      0,   0,   0,   0,   0,   0,   0,   0,   0,   0,   0,   0,   0,   0,   0,   0,
      0,   0,   0,   0,   0,   0,   0,   0,   0,   0,   0,   0,   0,   0,   0,  31,
      0, 255,   1, 255,   2, 255,  21, 255,  43, 255,  87, 255,  15, 255,  62, 255,
    253, 255,  59, 255, 247, 255, 119, 255, 239, 255, 223, 255, 191, 255, 191, 255,
    191, 255, 127, 255, 126, 255, 252, 254, 248, 252, 240, 248, 240, 248, 224, 240,
    224, 240, 192, 224, 128, 192, 128, 192, 128, 192, 128, 192,   0, 128,   0, 128,
      0, 128,   0, 128,   0, 128,   0, 128,   0, 128, 192, 195, 131, 255, 255, 255,
    255, 255, 255, 255, 120, 255,   0, 248,   0,   0,   0,   0,   0,   0,   0,   0,
      0,   0,   0,   0,   0,   0,   0,   0,   0,   0,   0,   0,   0,   0,   0,   0,
      0,   0,   0,   0,   0,   0,   0,   0,   0,   0,   0,   0,   0,   0,   0,   0,
      0,   0,   0,   0,   0,   0,   0,   0,   0,   0,   0,   0,   0,   0,   0,   0,
      0,   0,   0,   0,   0,   0,   0,   0,   0,   0,   0,   0,   0,   1,   0,   3,
      0,  15,   0,  31,   0,  63,   0, 255,   1, 255,   2, 255,   1, 255,   2, 255,
      5, 255,  10, 255,  21, 255,  43, 255,  87, 255,   3, 255, 175, 255,  95, 255,
    190, 255,  93, 255, 189, 255, 123, 255, 183, 255, 119, 255, 239, 255, 239, 255,
    223, 255, 223, 255, 191, 255, 191, 255, 159, 255, 159, 255,  31, 255, 159, 255,
    223, 255, 223, 255, 223, 255, 239, 255, 239, 255, 247, 255, 241, 255, 240, 249,
    240, 248, 240, 248, 240, 248, 240, 248, 240, 248, 240, 248, 240, 248, 240, 248,
    240, 248, 240, 248, 240, 248, 240, 248, 240, 248, 240, 248, 240, 248, 240, 248,
    240, 248, 240, 248, 248, 252, 248, 252, 248, 252, 248, 252, 248, 252, 248, 252,
    240, 248, 240, 248, 240, 248, 224, 240,   0, 224,   0,   0,   0,   0,   0,   0,
      0,   0,   0,   0,   0,   0,   0,   0,   0,   0,   0,   0,   0,   0,   0,   0,
      0,   0,   0,   1,   0,   3,   0,   3,   0,   3,   0,   7,   0,   7,   0,   7,
      0,  15,   0,  15,   0, 159,   0, 191,   1, 191, 128, 255, 129, 255, 128, 255,
    131, 255, 128, 255, 131, 255, 132, 255, 193, 255, 195, 255, 228, 255, 227, 255,
    240, 255, 249, 255, 252, 255, 254, 255, 254, 255, 254, 255, 253, 255, 243, 255,
    143, 255, 255, 255,  31, 255, 255, 255, 255, 255,  31, 255, 255, 255, 223, 255,
    255, 255, 255, 255,  31, 255, 255, 255, 255, 255,  31, 255, 255, 255, 255, 255,
     31, 255, 255, 255,  31, 255, 255, 255, 255, 255, 143, 255, 255, 255, 255, 255,
    199, 255, 255, 255, 127, 255,  35, 255,  63, 127,  17,  63,  15,  31,   7,  15,
      3,   7,   0,   3,   0,   0,   0,   0,   0,   0,   0,   0,   0,   0,   0,   0,
      0,   0,   0,   0,   0,   0,   0, 112, 112, 248, 240, 248, 248, 252, 248, 252,
    252, 254, 252, 254, 252, 254, 254, 255, 254, 255, 254, 255, 254, 255, 255, 255,
    255, 255, 255, 255, 255, 255, 255, 255, 255, 255, 255, 255, 255, 255, 255, 255,
    255, 255, 255, 255, 255, 255, 255, 255, 255, 255, 255, 255, 255, 255, 255, 255,
    255, 255, 255, 255, 255, 255, 255, 255,  62, 255,  15,  63,  59, 255, 251, 255,
    243, 255, 195, 247,   3, 199,   3,   7,   3,   7,   3,   7,   3,   7,   3,   7,
      3,   7,   3,   7,   3,   7,   3,   7,   3,   7,   3,   7,   3,   7,   3,   7,
      1,   3,   1,   3,   1,   3,   1,   3,   0,   1,   0,   1,   0,   1,   0,   0,
      0,   0,   0,   0,   0,   0,   0,   0,   0,   0,   0,   0,   0,   0,   0,   0,
      0,   0,   0,   0,   0,   0,   0,   0,   0,   0,   0,   0,   0,   0,   0,   0,
      0,   0,   0,   0,   0,   3,   1,   3,   3,   7,   3,   7,   3,   7,   7,  15,
      7,  15,   7,  15,   7,  15,   7,  15,   7,  31,  15,  31,  15,  31,  15,  31,
     15,  31,  15,  31,  15,  31,  15,  31,  15,  31,   7,  15,   7,  15,   7,  15,
      7,  15,   3,   7,   3,   7,   3,   7,   3,   7,   1,   3,   1,   3,   0, 129,
      0, 129, 128, 192, 192, 224, 224, 240, 240, 255, 255, 255, 127, 255,  31, 127,
      0,  31,   0,   0,   0,   0,   0,   0,   0,   0,   0,   0,   0,   0,   0,   0,
      0,   0,   0,   0,   0,   0,   0,   0,   0,   0,   0,   0,   0,   0,   0,   0,
      0,   0,   0,   0,   0,   0,   0,   0,   0,   0,   0,   0,   0,   0,   0,   0,
      0,   0,   0,   0,   0,   0,   0,   0,   0,   0,   0,   0,   0,   0,   0,   0,
      0,   0,   0,   0,   0,   0,   0,   0,   0,   0,   0,   0,   0,   0,   0,   0,
      0,   0,   0,   0,   0,   0,   0,   0,   0,   0,   0,   0,   0,   0,   0,   0,
      0,   0,   0,   0,   0,   0,   0,   0,   0, 192,   0, 192,   0, 192,   0, 192,
      0, 192,   0, 224,  64, 224,  64, 224,  96, 240,  96, 240, 112, 248, 112, 248,
     56, 124,  56, 124,  60, 126,  28,  63,  14,  31,  15,  31,   7,  15,   7,  15,
      3,   7,   1,   3,   0,   1,   0,   0,   0,   0,   0,   0,   0,   0,   0,   0,
      0,   0,   0,   0,   0,   0,   0,   0,   0,   0,   0,   0,   0,   0,   0,   0,
      0,   0,   0,   0,   0,   0,   0,   0,   0,   0,   0,   0,   0,   0,   0,   0,
      0,   0,   0,   0,   0,   0,   0,   0,   0,   0,   0,   0,   0,   0,   0,   0,
      0,   0,   0,  63,   0, 255,   8, 255,  56, 254, 112, 252, 224, 248, 192, 240,
    128, 224,   0, 192,   0, 128,   0,   0,   0,   0,   0,   0,   0,   0,   0,   0,
      0,   0,   0,   0,   0,   0,   0,   0,   0,   0,   0,   0,   0,   0,   0,   0,
      0,   0,   0,   0,   0,   0,   0,   0,   0,   0,   0,   0,   0,   2,   0,   2,
      2,   7,   4,  14,   0,  30,   8,  60,  16, 120,  32, 240,  64, 224, 128, 192,
      0, 128,   0,   0,   0,   0,   0,   0,   0,   0,   0,   0,   0,   0,   0,   0,
      0,   0,   0,   0,   0,   0,   0,   0,   0,   0,   0,   0,   0,   0,   0,   0,
      0,   0,   0,   0,   0,   0,   0,   0,   0,   0,   0,   0,   0,   0,   0,   0,
      0,   0,   0,   0,   0,   0,   0,   0,   0,   0,   0,   0,   0,   0,   0,   0,
      0,   0,   0,   0,   0,   0,   0,   0,   0,   0,   0,   0,   0,   0,   0,   0,
      0,   3,   0,  31,   0, 255,   0, 255,   1, 255,   3, 255,   7, 255,  14, 255,
     12, 255,  24, 255, 248, 254, 240, 254, 224, 252, 224, 252, 224, 248, 192, 240,
    128, 240,   0, 224,   0, 224,   0, 192,   0, 128,   0,   0,   0,   0,   0,   0,
      0,   0,   0,   0,   0,   0,   0,   0,   0,   0,   0,   0,   0,   0,   0,   0,
      0,   0,   0,   0,   0,   0,   0,   1,   0,   7,   7,  15,  14,  63,  28, 254,
    120, 252, 112, 248, 224, 240, 128, 224,   0, 128,   0,   0,   0,   0,   0,   0,
      0,   0,   0,   0,   0,   0,   0,   0,   0,   0,   0,   0,   0,   0,   0,   0,
      0,   0,   0,   0,   0,   0,   0,   0,   0,   0,   0,   0,   0,   0,   0,   0,
      0,   0,   0,   0,   0,   0,   0,   0,   0,   0,   0,   0,   0,   0,   0,   0,
      0,   0,   0,   0,   0,   0,   0,   0,   0,   0,   0,   0,   0,   0,   0,  31,
      0, 255,   0, 255,   0, 255,   0, 255,   0, 255,   0, 255,   0, 255,   0, 255,
      1, 255,   3, 255,   7, 255,   7, 255,  15, 255,  31, 255,  63, 255,  62, 255,
     60, 255, 120, 255, 120, 255, 240, 254, 224, 252, 192, 248, 128, 248, 128, 240,
      0, 240,   0, 224,   0, 192,   0, 192,   0, 192,   0, 192,   0, 128,   0, 128,
      0, 128,   0, 128,   0, 128,   0, 128,   0, 128,   0, 195,   2, 255, 131, 255,
    135, 255, 255, 255, 120, 255,   0, 248,   0,   0,   0,   0,   0,   0,   0,   0,
      0,   0,   0,   0,   0,   0,   0,   0,   0,   0,   0,   0,   0,   0,   0,   0,
      0,   0,   0,   0,   0,   0,   0,   0,   0,   0,   0,   0,   0,   0,   0,   0,
      0,   0,   0,   0,   0,   0,   0,   0,   0,   0,   0,   0,   0,   0,   0,   0,
      0,   0,   0,   0,   0,   0,   0,   0,   0,   0,   0,   0,   0,   1,   0,   3,
      0,  15,   0,  31,   0,  63,   0, 255,   0, 255,   0, 255,   0, 255,   0, 255,
      0, 255,   0, 255,   0, 255,   0, 255,   0, 255,   0, 255,   0, 255,   0, 255,
      0, 255,   1, 255,   1, 255,   3, 255,   7, 255,   7, 255,  15, 255,  15, 255,
     30, 255,  30, 255,  56, 255,  56, 255,  24, 255,  28, 255,  28, 255, 156, 255,
    220, 255, 222, 255, 222, 255, 239, 255, 239, 255,  55, 255, 241, 255, 240, 249,
     48, 248, 240, 248,  48, 248, 240, 248, 240, 248,  48, 248, 240, 248, 240, 248,
     48, 248, 240, 248, 240, 248,  48, 248, 240, 248,  48, 248, 240, 248, 240, 248,
     48, 248, 240, 248, 248, 252,  24, 252, 120, 252, 120, 252, 136, 252, 248, 252,
    144, 248, 240, 248, 112, 248,   0, 240,   0, 224,   0,   0,   0,   0,   0,   0,
      0,   0,   0,   0,   0,   0,   0,   0,   0,   0,   0,   0,   0,   0,   0,   0,
      0,   0,   0,   1,   0,   3,   0,   3,   0,   3,   0,   7,   0,   7,   0,   7,
      0,  15,   0,  15,   0, 159,   0, 191,   0, 191,   0, 255,   0, 255,   0, 255,
      0, 255,   0, 255,   0, 255,   0, 255,   0, 255, 128, 255, 128, 255, 192, 255,
    192, 255, 224, 255, 240, 255, 248, 255, 252, 255, 254, 255, 253, 255, 243, 255,
    143, 255,  95, 255,  14, 255,  95, 255,  47, 255,  30, 255,  47, 255,  14, 255,
     95, 255,  47, 255,  30, 255,  47, 255,  95, 255,  14, 255,  95, 255,  47, 255,
     30, 255,  15, 255,  14, 255,  22, 255,  46, 255,   6, 255,  11, 255,  23, 255,
      3, 255,   5, 255,  11, 255,   0, 255,   5, 127,   0,  63,   0,  31,   0,  15,
      0,   7,   0,   3,   0,   0,   0,   0,   0,   0,   0,   0,   0,   0,   0,   0,
      0,   0,   0,   0,   0,   0,   0, 112,  96, 248, 112, 248, 248, 252, 120, 252,
    248, 254, 120, 254, 248, 254, 120, 255, 252, 255, 124, 255, 252, 255,  60, 255,
    126, 255, 190, 255, 126, 255, 191, 255, 127, 255, 191, 255, 127, 255, 191, 255,
     95, 255,  31, 255,  63, 255,  95, 255,  47, 255,  23, 255,  39, 255,  23, 255,
      3, 255,   3, 255,   3, 255,   1, 255,   2, 255,  15,  63,   8, 255,  16, 255,
     16, 255, 128, 247,   0, 199,   0,   7,   0,   7,   0,   7,   0,   7,   0,   7,
      0,   7,   0,   7,   0,   7,   0,   7,   0,   7,   0,   7,   0,   7,   0,   7,
      0,   3,   0,   3,   0,   3,   0,   3,   0,   1,   0,   1,   0,   1,   0,   0,
      0,   0,   0,   0,   0,   0,   0,   0,   0,   0,   0,   0,   0,   0,   0,   0,
      0,   0,   0,   0,   0,   0,   0,   0,   0,   0,   0,   0,   0,   0,   0,   0,
      0,   0,   0,   0,   0,   3,   0,   3,   0,   7,   0,   7,   0,   7,   0,  15,
      0,  15,   0,  15,   1,  15,   0,  15,   0,  31,   1,  31,   0,  31,   1,  31,
      0,  31,   0,  31,   0,  31,   0,  31,   0,  31,   0,  15,   0,  15,   0,  15,
      0,  15,   0,   7,   0,   7,   0,   7,   0,   7,   0,   3,   0,   3,   0, 129,
      0, 129,   0, 192,   0, 224, 128, 240, 192, 255, 224, 255, 126, 255,  31, 127,
      0,  31,   0,   0,   0,   0,   0,   0,   0,   0,   0,   0,   0,   0,   0,   0,
      0,   0,   0,   0,   0,   0,   0,   0,   0,   0,   0,   0,   0,   0,   0,   0,
      0,   0,   0,   0,   0,   0,   0,   0,   0,   0,   0,   0,   0,   0,   0,   0,
      0,   0,   0,   0,   0,   0,   0,   0,   0,   0,   0,   0,   0,   0,   0,   0,
      0,   0,   0,   0,   0,   0,   0,   0,   0,   0,   0,   0,   0,   0,   0,   0,
      0,   0,   0,   0,   0,   0,   0,   0,   0,   0,   0,   0,   0,   0,   0,   0,
      0,   0,   0,   0,   0,   0,   0,   0,   0, 192,   0, 192,   0, 192,   0, 192,
      0, 192,   0, 224,  64, 224,  64, 224,  64, 240,   0, 240,  64, 248,  96, 248,
     32, 124,  56, 124,  48, 126,  24,  63,  12,  31,  12,  31,   6,  15,   7,  15,
      3,   7,   1,   3,   0,   1,   0,   0,   0,   0,   0,   0,   0,   0,   0,   0,
      0,   0,   0,   0,   0,   0,   0,   0,   0,   0,   0,   0,   0,   0,   0,   0,
      0,   0,   0,   0,   0,   0,   0,   0,   0,   0,   0,   0,   0,   0,   0,   0,
      0,   0,   0,   0,   0,   0,   0,   0,   0,   0,   0,   0,   0,   0,   0,   0,
      0,   0, 
};
uint8_t punklogooutlined[] =
{
    128,  64,   0,   0,   0,   0,   0,   0,   0,   0,   0,   0,   0,   0,   0,   0,
      0,   0,   0,   0,   0,   0,   0,   0,   0,   0,   0,   0,   0,   0,   0,   0,
      0,   0,   0,   0,   0,   0,   0,   0,   0,   0,   0,   0,   0,   0,   0,   0,
      0,   0,   0,   0,   0,   0,   0,   0,   0,   0,   0,   0,   0,   0,   0,   0,
      0,   0,   0,   0,   0,   0,   0,   0,   0,   0,   0,   0,   0,   0,   0,   0,
      0,   0,   0,   0,   0,   0,   0,   0,   0,   0,   0,   0,   0,   0,   0,   0,
      0,   0,   0,   0,   0,   0,   0,   0,   0,   0,   0,   0, 128, 128, 192, 192,
    224, 224, 240, 240, 115, 115, 255, 255, 127, 255, 127, 255, 255, 255, 127, 255,
    127, 255, 159, 255, 223, 255, 223, 255, 255, 255, 239, 255, 239, 255, 231, 255,
    255, 255, 255, 255, 255, 255, 255, 255, 255, 255, 255, 255, 255, 255, 127, 255,
    127, 255, 255, 255, 255, 255, 239, 239, 199, 199, 129, 129,   0,   0,   0,   0,
      0,   0,   0,   0,   0,   0,   0,   0,   0,   0,   0,   0,   0,   0,   0,   0,
      0,   0,   0,   0,   0,   0,   0,   0,   0,   0,   0,   0,   0,   0,   0,   0,
      0,   0,   0,   0,   0,   0,   0,   0,   0,   0,   0,   0,   0,   0,   0,   0,
      0,   0,   0,   0,   0,   0,   0,   0,   0,   0,   0,   0,   0,   0,   0,   0,
      0,   0,   0,   0,   0,   0,   0,   0,   0,   0,   0,   0,   0,   0,   0,   0,
      0,   0,   0,   0,   0,   0,   0,   0,   0,   0,   0,   0,   0,   0,   0,   0,
      0,   0,   0,   0,   0,   0,   0,   0,   0,   0,   0,   0,   0,   0,   0,   0,
      0,   0,   0,   0,   0,   0,   0,   0,   0,   0,   0,   0,   0,   0,   0,   0,
      0,   0,   0,   0,   0,   0,   0,   0,   0,   0,   0,   0,   0,   0,   0,   0,
      0,   0,   0,   0,   0,   0,   0,   0,   0,   0,   0,   0,   0,   0,   0,   0,
      0,   0,   0,   0,   0,   0,   0,   0,   0,   0,   0,   0,   0,   0,   0,   0,
      0,   0,   0,   0,   0,   0,   0,   0,   0,   0, 192, 192, 241, 241, 219, 251,
    197, 253, 226, 254,  49, 255,   0, 255,   0, 255, 129, 255, 248, 255, 252, 255,
    255, 255, 255, 255, 255, 255, 255, 255, 255, 255, 255, 255, 255, 255, 255, 255,
    255, 255, 255, 255, 255, 255, 255, 255, 255, 255, 255, 255, 255, 255, 255, 255,
    252, 255,   0, 255,   0, 255,   4, 255,  12, 255,  57, 255, 247, 255,  60,  60,
     16,  16,   0,   0,   0,   0,   0,   0,   0,   0,   0,   0,   0,   0,   0,   0,
      0,   0,   0,   0,   0,   0,   0,   0,   0,   0,   0,   0,   0,   0,   0,   0,
      0,   0,   0,   0,   0,   0,   0,   0,   0,   0,   0,   0,   0,   0,   0,   0,
      0,   0,   0,   0,   0,   0,   0,   0,   0,   0,   0,   0,   0,   0,   0,   0,
      0,   0,   0,   0,   0,   0,   0,   0,   0,   0,   0,   0,   0,   0,   0,   0,
      0,   0,   0,   0,   0,   0,   0,   0,   0,   0,   0,   0,   0,   0,   0,   0,
      0,   0,   0,   0,   0,   0,   0,   0,   0,   0,   0,   0,   0,   0,   0,   0,
      0,   0,   0,   0,   0,   0,   0,   0,   0,   0,   0,   0,   0,   0,   0,   0,
      0,   0,   0,   0,   0,   0,   0,   0,   0,   0,   0,   0,   0,   0,   0,   0,
      0,   0,   0,   0,   0,   0,   0,   0,   0,   0,   0,   0,   0,   0,   0,   0,
      0,   0,   0,   0,   0,   0,   0,   0,   0,   0,   0,   0,   0,   0,   0,   0,
      0,   0,   0,   0,   0,   0,  32,  32, 112, 112, 113, 113, 123, 123, 109, 125,
     99, 127, 224, 255,   0, 255, 192, 255, 192, 255,  19, 255,  63, 255, 255, 255,
    255, 255, 191, 255, 223, 255, 223, 255, 255, 255, 255, 255, 255, 255, 255, 255,
    255, 255, 255, 255, 247, 255, 247, 255, 255, 255, 255, 255, 255, 255, 255, 255,
    253, 255, 254, 255, 252, 255,  64, 127,  73, 127,  94, 127,  39,  39,   3,   3,
      0,   0,   0,   0,   0,   0,   0,   0,   0,   0,   0,   0,   0,   0,   0,   0,
      0,   0,   0,   0,   0,   0,   0,   0,   0,   0,   0,   0,   0,   0,   0,   0,
      0,   0,   0,   0,   0,   0,   0,   0,   0,   0,   0,   0,   0,   0,   0,   0,
      0,   0,   0,   0,   0,   0,   0,   0,   0,   0,   0,   0,   0,   0,   0,   0,
      0,   0,   0,   0,   0,   0,   0,   0,   0,   0,   0,   0,   0,   0,   0,   0,
      0,   0, 252, 252,   2, 254, 253, 255, 205, 255, 181, 255, 133, 255, 125, 255,
    141, 255,  34, 254, 204, 252, 242, 254, 121, 255, 253, 255, 253, 255,   1, 255,
     30, 254, 194, 254, 253, 255, 253, 255,  61, 255, 197, 255, 250, 254, 252, 252,
     48,  48, 128, 128, 112, 240, 140, 252, 242, 254, 141, 255, 253, 255, 226, 254,
     28, 252, 250, 250,  29, 255, 193, 255, 253, 255,  69, 255, 197, 255, 189, 255,
     66, 254, 230, 254, 218, 254,  26, 254, 249, 255, 125, 255, 157, 255,  93, 255,
      1, 255, 182, 254, 153, 255, 157, 255, 189, 255, 185, 255, 130, 254,  60, 252,
    240, 240,   3,   3,   6,   7,  47,  47, 127, 127,  60,  63, 220, 223, 251, 255,
    255, 255, 250, 255, 127, 255, 127, 255, 127, 255,  63, 255,  63, 255, 223, 255,
    159, 255, 223, 255,  63, 255, 255, 255, 159, 255, 255, 255, 191, 255, 247, 255,
    223, 255, 247, 247, 231, 231, 231, 231, 242, 242, 248, 248, 240, 240, 192, 192,
    192, 192, 224, 224,  98, 126, 153, 255,  61, 255, 250, 254, 242, 254, 140, 252,
    112, 240, 140, 252, 242, 254, 250, 254,  26, 254, 100, 252, 156, 252, 226, 254,
    253, 255, 125, 255, 253, 255,   1, 255, 242, 254, 234, 254,  26, 254, 250, 254,
    250, 254,  26, 254, 226, 254,   2, 254, 250, 254,  26, 254, 218, 254,  58, 254,
    244, 252, 244, 252, 100, 252,  24, 248, 224, 224, 192, 192,   0,   0,   0,   0,
      0,   0,  63,  63,  64, 127,  95, 127, 223, 255, 193, 255, 253, 255, 126, 127,
     64, 127,  95, 127, 223, 255, 223, 255, 204, 255,  76, 127,  79, 127, 103, 127,
     80, 127, 211, 255, 219, 255, 216, 255, 217, 255, 221, 255, 221, 255, 237, 255,
    234, 254, 129, 255, 190, 255, 223, 255, 225, 255, 126, 127,  97, 127,  95, 127,
     95, 127,  80, 127,  64, 127, 239, 255, 223, 255, 192, 255, 224, 255, 111, 127,
    111, 127,  96, 127, 109, 127,  94, 127, 153, 255, 186, 255, 139, 255, 178, 255,
     88, 127,  92, 127,  76, 127, 230, 255, 243, 255, 121, 127,  60,  63,  30,  31,
     15,  15,   6,   6,   0,   0,  16,  16, 190, 190,  95, 255, 229, 255, 224, 255,
    240, 255, 208, 255, 240, 255, 240, 255, 250, 255, 249, 255, 255, 255, 255, 255,
    255, 255, 255, 255, 255, 255, 255, 255, 255, 255, 255, 255, 253, 255, 255, 255,
    255, 255, 255, 255, 127, 255, 255, 255, 255, 255, 255, 255, 255, 255, 255, 255,
    223, 255, 253, 255,  95,  95,   9,   9,   6,   7,  24,  31,  35,  63,  79, 127,
     92, 127, 207, 255, 243, 255, 252, 255,  99, 127,  92, 127, 223, 255, 223, 255,
    236, 255, 108, 127, 111, 127, 103, 127, 120, 127,  67, 127,  92, 127, 223, 255,
    216, 255, 187, 255, 128, 255, 143, 255, 191, 255, 188, 255, 206, 255, 231, 255,
    243, 255, 120, 127,  30,  31,  15,  15,   7,   7,   1,   1,   0,   0,   0,   0,
      0,   0,   0,   0,   0,   0,   0,   0,   0,   0,   0,   0,   0,   0,   0,   0,
      0,   0,   0,   0,   0,   0,   0,   0,   0,   0,   0,   0,   0,   0,   0,   0,
      0,   0,   0,   0,   0,   0,   0,   0,   0,   0,   0,   0,   0,   0,   0,   0,
      0,   0,   0,   0,   0,   0,   0,   0,   0,   0,   0,   0,   0,   0,   0,   0,
      0,   0,   0,   0,   0,   0,   0,   0,   0,   0,   0,   0,   0,   0,   0,   0,
      0,   0,   0,   0,   0,   0,   0,   0,   0,   0,   0,   0,   0,   0,   0,   0,
      0,   0,   0,   0,   0,   0,   0,   0,   0,   0,   0,   0,   0,   0,   0,   0,
      0,   0,   0,   0,   0,   0, 112, 112, 223, 255,  75, 255,  95, 255,  63, 255,
    127, 255, 126, 255, 252, 255, 248, 255, 240, 255, 241, 255, 255, 255, 255, 255,
    255, 255, 255, 255, 255, 255, 255, 255, 252, 255,  60, 255, 188, 255, 126, 255,
    255, 255, 159, 255, 255, 255, 127, 255, 255, 255, 127, 255, 255, 255, 255, 255,
     62,  63,   1,   1,   0,   0,   0,   0,   0,   0,   0,   0,   0,   0,   0,   0,
      0,   0,   0,   0,   0,   0,   0,   0,   0,   0,   0,   0,   0,   0,   0,   0,
      0,   0,   0,   0,   0,   0,   0,   0,   0,   0,   0,   0,   0,   0,   0,   0,
      0,   0,   0,   0,   0,   0,   0,   0,   0,   0,   0,   0,   0,   0,   0,   0,
      0,   0,   0,   0,   0,   0,   0,   0,   0,   0,   0,   0,   0,   0,   0,   0,
      0,   0,   0,   0,   0,   0,   0,   0,   0,   0,   0,   0,   0,   0,   0,   0,
      0,   0,   0,   0,   0,   0,   0,   0,   0,   0,   0,   0,   0,   0,   0,   0,
      0,   0,   0,   0,   0,   0,   0,   0,   0,   0,   0,   0,   0,   0,   0,   0,
      0,   0,   0,   0,   0,   0,   0,   0,   0,   0,   0,   0,   0,   0,   0,   0,
      0,   0,   0,   0,   0,   0,   0,   0,   0,   0,   0,   0,   0,   0,   0,   0,
      0,   0,   0,   0,   0,   0,   0,   0,   0,   0,   0,   0,   0,   0,   0,   0,
      0,   0,   0,   0,   0,   0,   0,   0,   0,   0,   0,   0,   0,   0,   0,   0,
      0,   0,   0,   0,   0,   0, 128, 128, 143, 143, 220, 223, 242, 255, 225, 255,
    224, 255, 192, 255, 193, 255, 224, 255, 193, 255, 241, 255, 249, 255, 252, 255,
    255, 255, 255, 255, 231, 255, 195, 255, 193, 255,   3, 255,   3, 255, 131, 255,
    131, 255, 131, 255, 135, 255,   1, 255,   1, 255, 240, 255,  16,  31,  15,  15,
      0,   0,   0,   0,   0,   0,   0,   0,   0,   0,   0,   0,   0,   0,   0,   0,
      0,   0,   0,   0,   0,   0,   0,   0,   0,   0,   0,   0,   0,   0,   0,   0,
      0,   0,   0,   0,   0,   0,   0,   0,   0,   0,   0,   0,   0,   0,   0,   0,
      0,   0,   0,   0,   0,   0,   0,   0,   0,   0,   0,   0,   0,   0,   0,   0,
      0,   0,   0,   0,   0,   0,   0,   0,   0,   0,   0,   0,   0,   0,   0,   0,
      0,   0,   0,   0,   0,   0,   0,   0,   0,   0,   0,   0,   0,   0,   0,   0,
      0,   0,   0,   0,   0,   0,   0,   0,   0,   0,   0,   0,   0,   0,   0,   0,
      0,   0,   0,   0,   0,   0,   0,   0,   0,   0,   0,   0,   0,   0,   0,   0,
      0,   0,   0,   0,   0,   0,   0,   0,   0,   0,   0,   0,   0,   0,   0,   0,
      0,   0,   0,   0,   0,   0,   0,   0,   0,   0,   0,   0,   0,   0,   0,   0,
      0,   0,   0,   0,   0,   0,   0,   0,   0,   0,   0,   0,   0,   0,   0,   0,
      0,   0,   0,   0,   0,   0,   0,   0,   0,   0,   0,   0, 128, 128, 224, 224,
    124, 252, 238, 254, 227, 255, 195, 255, 135, 255, 143, 255, 255, 255,  31, 255,
     31, 255, 255, 255, 255, 255, 127, 255, 127, 255, 127, 255, 127, 255, 127, 255,
    127, 255, 255, 255,  63, 255,  63, 255,  63, 255,  63, 255,  63, 255,  31, 255,
    253, 253, 231, 231, 255, 255,   0, 255, 102, 255, 255, 255,   0,   0,   0,   0,
      0,   0,   0,   0,   0,   0,   0,   0,   0,   0,   0,   0,   0,   0,   0,   0,
      0,   0,   0,   0,   0,   0,   0,   0,   0,   0,   0,   0,   0,   0,   0,   0,
      0,   0,   0,   0,   0,   0,   0,   0,   0,   0,   0,   0,   0,   0,   0,   0,
      0,   0,   0,   0,   0,   0,   0,   0,   0,   0,   0,   0,   0,   0,   0,   0,
      0,   0,   0,   0,   0,   0,   0,   0,   0,   0,   0,   0,   0,   0,   0,   0,
      0,   0,   0,   0,   0,   0,   0,   0,   0,   0,   0,   0,   0,   0,   0,   0,
      0,   0,   0,   0,   0,   0,   0,   0,   0,   0,   0,   0,   0,   0,   0,   0,
      0,   0,   0,   0,   0,   0,   0,   0,   0,   0,   0,   0,   0,   0,   0,   0,
      0,   0,   0,   0,   0,   0,   0,   0,   0,   0,   0,   0,   0,   0,   0,   0,
      0,   0,   0,   0,   0,   0,   0,   0,   0,   0,   0,   0,   0,   0,   0,   0,
      0,   0,   0,   0,   0,   0,   0,   0,   0,   0,   0,   0,   0,   0,   0,   0,
      0,   0,   0,   0,   0,   0,   0,   0,   0,   0,   0,   0, 128, 128,  64, 192,
    160, 224, 144, 240, 115, 115, 252, 255, 113, 255,  19, 255,  23, 255,  63, 255,
     31, 255,  27, 255, 135, 255, 130, 255, 194, 255,  64, 255, 193, 255, 195, 255,
    192, 255, 143, 255,   7, 255,  23, 255,  31, 255,  62, 255,  62, 255,  47, 255,
     79, 255,  79, 255,  22, 255,  40, 239,  70, 199, 129, 129,   0,   0,   0,   0,
      0,   0,   0,   0,   0,   0,   0,   0,   0,   0,   0,   0,   0,   0,   0,   0,
      0,   0,   0,   0,   0,   0,   0,   0,   0,   0,   0,   0,   0,   0,   0,   0,
      0,   0,   0,   0,   0,   0,   0,   0,   0,   0,   0,   0,   0,   0,   0,   0,
      0,   0,   0,   0,   0,   0,   0,   0,   0,   0,   0,   0,   0,   0,   0,   0,
      0,   0,   0,   0,   0,   0,   0,   0,   0,   0,   0,   0,   0,   0,   0,   0,
      0,   0,   0,   0,   0,   0,   0,   0,   0,   0,   0,   0,   0,   0,   0,   0,
      0,   0,   0,   0,   0,   0,   0,   0,   0,   0,   0,   0,   0,   0,   0,   0,
      0,   0,   0,   0,   0,   0,   0,   0,   0,   0,   0,   0,   0,   0,   0,   0,
      0,   0,   0,   0,   0,   0,   0,   0,   0,   0,   0,   0,   0,   0,   0,   0,
      0,   0,   0,   0,   0,   0,   0,   0,   0,   0,   0,   0,   0,   0,   0,   0,
      0,   0,   0,   0,   0,   0,   0,   0,   0,   0,   0,   0,   0,   0,   0,   0,
      0,   0,   0,   0,   0,   0,   0,   0,   0,   0, 192, 192,  49, 241, 138, 251,
    197, 253,  98, 254,   1, 255,   0, 255,   0, 255,   0, 255, 128, 255, 240, 255,
    252, 255, 127, 255, 255, 255, 255, 255, 254, 255, 255, 255, 255, 255, 255, 255,
    255, 255, 255, 255, 246, 255, 240, 255, 240, 255, 192, 255, 128, 255,   0, 255,
      0, 255,   0, 255,   0, 255,   0, 255,   8, 255,  24, 255, 243, 255,  44,  60,
     16,  16,   0,   0,   0,   0,   0,   0,   0,   0,   0,   0,   0,   0,   0,   0,
      0,   0,   0,   0,   0,   0,   0,   0,   0,   0,   0,   0,   0,   0,   0,   0,
      0,   0,   0,   0,   0,   0,   0,   0,   0,   0,   0,   0,   0,   0,   0,   0,
      0,   0,   0,   0,   0,   0,   0,   0,   0,   0,   0,   0,   0,   0,   0,   0,
      0,   0,   0,   0,   0,   0,   0,   0,   0,   0,   0,   0,   0,   0,   0,   0,
      0,   0,   0,   0,   0,   0,   0,   0,   0,   0,   0,   0,   0,   0,   0,   0,
      0,   0,   0,   0,   0,   0,   0,   0,   0,   0,   0,   0,   0,   0,   0,   0,
      0,   0,   0,   0,   0,   0,   0,   0,   0,   0,   0,   0,   0,   0,   0,   0,
      0,   0,   0,   0,   0,   0,   0,   0,   0,   0,   0,   0,   0,   0,   0,   0,
      0,   0,   0,   0,   0,   0,   0,   0,   0,   0,   0,   0,   0,   0,   0,   0,
      0,   0,   0,   0,   0,   0,   0,   0,   0,   0,   0,   0,   0,   0,   0,   0,
      0,   0,   0,   0,   0,   0,  32,  32,  80, 112,  81, 113,  74, 123,  69, 125,
     67, 127, 224, 255,   0, 255, 128, 255,   0, 255,   0, 255,  15, 255,  63, 255,
     23, 255,  28, 255, 223, 255, 223, 255, 159, 255, 255, 255, 255, 255, 255, 255,
    255, 255, 255, 255, 247, 255, 231, 255, 231, 255, 247, 255, 255, 255, 126, 255,
    120, 255, 126, 255, 252, 255,  64, 127,  64, 127,  94, 127,  36,  39,   3,   3,
      0,   0,   0,   0,   0,   0,   0,   0,   0,   0,   0,   0,   0,   0,   0,   0,
      0,   0,   0,   0,   0,   0,   0,   0,   0,   0,   0,   0,   0,   0,   0,   0,
      0,   0,   0,   0,   0,   0,   0,   0,   0,   0,   0,   0,   0,   0,   0,   0,
      0,   0,   0,   0,   0,   0,   0,   0,   0,   0,   0,   0,   0,   0,   0,   0,
      0,   0,   0,   0,   0,   0,   0,   0,   0,   0,   0,   0,   0,   0,   0,   0,
      0,   0, 252, 252,   2, 254, 253, 255, 205, 255, 133, 255, 133, 255, 125, 255,
    141, 255,  34, 254, 204, 252, 242, 254, 121, 255, 253, 255, 221, 255,   1, 255,
     30, 254, 194, 254, 253, 255, 253, 255,  61, 255, 197, 255, 250, 254, 252, 252,
     48,  48, 128, 128, 112, 240, 140, 252, 242, 254, 141, 255, 253, 255, 226, 254,
     28, 252, 250, 250,  29, 255, 193, 255, 253, 255,  69, 255, 197, 255, 189, 255,
     66, 254, 230, 254, 218, 254,  26, 254, 249, 255, 125, 255, 157, 255,  93, 255,
      1, 255, 182, 254, 153, 255, 157, 255, 189, 255, 185, 255, 130, 254,  60, 252,
    240, 240,   3,   3,   4,   7,  43,  47,  95, 127,  32,  63, 216, 223,  48, 255,
    112, 255,  96, 255,  71, 255,  31, 255, 127, 255,  63, 255,  31, 255,  95, 255,
     31, 255,  31, 255,  31, 255,  79, 255,  23, 255, 223, 255,   5, 255, 134, 255,
    142, 255,  20, 247, 165, 231, 165, 231, 146, 242, 120, 248, 240, 240, 192, 192,
     64, 192, 160, 224,  98, 126, 153, 255,  61, 255, 250, 254, 242, 254, 140, 252,
     16, 240, 140, 252, 242, 254, 250, 254,  26, 254, 100, 252, 156, 252, 226, 254,
    253, 255, 125, 255, 221, 255,   1, 255, 242, 254, 234, 254,  26, 254, 250, 254,
    250, 254,  26, 254, 226, 254,   2, 254, 250, 254,  26, 254,  26, 254,  58, 254,
    244, 252, 244, 252, 100, 252,  24, 248, 224, 224, 192, 192,   0,   0,   0,   0,
      0,   0,  63,  63,  64, 127,  95, 127, 223, 255, 193, 255, 253, 255, 126, 127,
     64, 127,  95, 127, 223, 255, 219, 255, 204, 255,  76, 127,  79, 127, 103, 127,
     80, 127, 211, 255, 219, 255, 216, 255, 217, 255, 221, 255, 221, 255, 237, 255,
    234, 254, 129, 255, 190, 255, 223, 255, 225, 255, 126, 127,  97, 127,  95, 127,
     95, 127,  80, 127,  64, 127, 239, 255, 223, 255, 192, 255, 224, 255, 111, 127,
    111, 127,  96, 127, 109, 127,  94, 127, 153, 255, 186, 255, 139, 255, 178, 255,
     88, 127,  92, 127,  76, 127, 230, 255, 243, 255, 121, 127,  60,  63,  30,  31,
     15,  15,   6,   6,   0,   0,  16,  16, 174, 190,  73, 255,   1, 255,   0, 255,
      0, 255,   0, 255,   0, 255, 240, 255, 240, 255, 120, 255, 252, 255, 255, 255,
    254, 255, 254, 255, 255, 255, 255, 255, 127, 255, 125, 255, 124, 255, 253, 255,
    251, 255, 126, 255,  15, 255,  15, 255,  95, 255,  63, 255,   6, 255,  79, 255,
      8, 255, 189, 255,  87,  95,   9,   9,   6,   7,  24,  31,  35,  63,  79, 127,
     92, 127, 207, 255, 243, 255, 252, 255,  99, 127,  92, 127, 223, 255, 219, 255,
    236, 255, 108, 127, 111, 127, 103, 127, 120, 127,  67, 127,  92, 127, 223, 255,
    216, 255, 187, 255, 128, 255, 143, 255, 191, 255, 188, 255, 206, 255, 231, 255,
    243, 255, 120, 127,  30,  31,  15,  15,   7,   7,   1,   1,   0,   0,   0,   0,
      0,   0,   0,   0,   0,   0,   0,   0,   0,   0,   0,   0,   0,   0,   0,   0,
      0,   0,   0,   0,   0,   0,   0,   0,   0,   0,   0,   0,   0,   0,   0,   0,
      0,   0,   0,   0,   0,   0,   0,   0,   0,   0,   0,   0,   0,   0,   0,   0,
      0,   0,   0,   0,   0,   0,   0,   0,   0,   0,   0,   0,   0,   0,   0,   0,
      0,   0,   0,   0,   0,   0,   0,   0,   0,   0,   0,   0,   0,   0,   0,   0,
      0,   0,   0,   0,   0,   0,   0,   0,   0,   0,   0,   0,   0,   0,   0,   0,
      0,   0,   0,   0,   0,   0,   0,   0,   0,   0,   0,   0,   0,   0,   0,   0,
      0,   0,   0,   0,   0,   0, 112, 112, 143, 255,   0, 255,   8, 255,  14, 255,
     14, 255,  14, 255,  28, 255,   0, 255,   0, 255,   0, 255,   7, 255,  15, 255,
     15, 255, 255, 255, 255, 255, 127, 255, 248, 255,  24, 255,  28, 255,  60, 255,
     62, 255,  31, 255,  31, 255,  31, 255,  61, 255,  63, 255,   4, 255, 192, 255,
     62,  63,   1,   1,   0,   0,   0,   0,   0,   0,   0,   0,   0,   0,   0,   0,
      0,   0,   0,   0,   0,   0,   0,   0,   0,   0,   0,   0,   0,   0,   0,   0,
      0,   0,   0,   0,   0,   0,   0,   0,   0,   0,   0,   0,   0,   0,   0,   0,
      0,   0,   0,   0,   0,   0,   0,   0,   0,   0,   0,   0,   0,   0,   0,   0,
      0,   0,   0,   0,   0,   0,   0,   0,   0,   0,   0,   0,   0,   0,   0,   0,
      0,   0,   0,   0,   0,   0,   0,   0,   0,   0,   0,   0,   0,   0,   0,   0,
      0,   0,   0,   0,   0,   0,   0,   0,   0,   0,   0,   0,   0,   0,   0,   0,
      0,   0,   0,   0,   0,   0,   0,   0,   0,   0,   0,   0,   0,   0,   0,   0,
      0,   0,   0,   0,   0,   0,   0,   0,   0,   0,   0,   0,   0,   0,   0,   0,
      0,   0,   0,   0,   0,   0,   0,   0,   0,   0,   0,   0,   0,   0,   0,   0,
      0,   0,   0,   0,   0,   0,   0,   0,   0,   0,   0,   0,   0,   0,   0,   0,
      0,   0,   0,   0,   0,   0,   0,   0,   0,   0,   0,   0,   0,   0,   0,   0,
      0,   0,   0,   0,   0,   0, 128, 128, 143, 143, 208, 223, 224, 255, 192, 255,
    192, 255, 192, 255, 128, 255, 128, 255, 128, 255, 224, 255, 224, 255, 224, 255,
    224, 255, 193, 255, 192, 255,   0, 255,  64, 255,   0, 255,   0, 255,   0, 255,
      0, 255, 128, 255,   0, 255,   0, 255,   0, 255, 224, 255,  16,  31,  15,  15,
      0,   0,   0,   0,   0,   0,   0,   0,   0,   0,   0,   0,   0,   0,   0,   0,
      0,   0,   0,   0,   0,   0,   0,   0,   0,   0,   0,   0,   0,   0,   0,   0,
      0,   0,   0,   0,   0,   0,   0,   0,   0,   0,   0,   0,   0,   0,   0,   0,
      0,   0,   0,   0,   0,   0,   0,   0,   0,   0,   0,   0,   0,   0,   0,   0,
      0,   0,   0,   0,   0,   0,   0,   0,   0,   0,   0,   0,   0,   0,   0,   0,
      0,   0,   0,   0,   0,   0,   0,   0,   0,   0,   0,   0,   0,   0,   0,   0,
      0,   0,   0,   0,   0,   0,   0,   0,   0,   0,   0,   0,   0,   0,   0,   0,
      0,   0,   0,   0,   0,   0,   0,   0,   0,   0,   0,   0,   0,   0,   0,   0,
      0,   0,   0,   0,   0,   0,   0,   0,   0,   0,   0,   0,   0,   0,   0,   0,
      0,   0,   0,   0,   0,   0,   0,   0,   0,   0,   0,   0,   0,   0,   0,   0,
      0,   0,   0,   0,   0,   0,   0,   0,   0,   0,   0,   0,   0,   0,   0,   0,
      0,   0,   0,   0,   0,   0,   0,   0,   0,   0,   0,   0, 128, 128,  96, 224,
     28, 252,   2, 254,   1, 255,   0, 255,   7, 255,   7, 255,  15, 255,  31, 255,
     31, 255, 159, 255,  63, 255,  63, 255, 127, 255, 127, 255,  63, 255,  63, 255,
     63, 255,  63, 255,  63, 255,  63, 255,  63, 255,  63, 255,  62, 255,  11, 255,
     29, 253, 231, 231, 248, 255,   0, 255,   0, 255, 255, 255,   0,   0,   0,   0,
      0,   0,   0,   0,   0,   0,   0,   0,   0,   0,   0,   0,   0,   0,   0,   0,
      0,   0,   0,   0,   0,   0,   0,   0,   0,   0,   0,   0,   0,   0,   0,   0,
      0,   0,   0,   0,   0,   0,   0,   0,   0,   0,   0,   0,   0,   0,   0,   0,
      0,   0,   0,   0,   0,   0,   0,   0,   0,   0,   0,   0,   0,   0,   0,   0,
      0,   0,   0,   0,   0,   0,   0,   0,   0,   0,   0,   0,   0,   0,   0,   0,
      0,   0,   0,   0,   0,   0,   0,   0,   0,   0,   0,   0,   0,   0,   0,   0,
      0,   0,   0,   0,   0,   0,   0,   0,   0,   0,   0,   0,   0,   0,   0,   0,
      0,   0,   0,   0,   0,   0,   0,   0,   0,   0,   0,   0,   0,   0,   0,   0,
      0,   0,   0,   0,   0,   0,   0,   0,   0,   0,   0,   0,   0,   0,   0,   0,
      0,   0,   0,   0,   0,   0,   0,   0,   0,   0,   0,   0,   0,   0,   0,   0,
      0,   0,   0,   0,   0,   0,   0,   0,   0,   0,   0,   0,   0,   0,   0,   0,
      0,   0,   0,   0,   0,   0,   0,   0,   0,   0,   0,   0, 128, 128,  64, 192,
    160, 224, 144, 240,  83, 115, 204, 255,  64, 255,   0, 255,   0, 255,   0, 255,
      0, 255,   0, 255,   0, 255,   0, 255,   0, 255,   0, 255,   1, 255,   3, 255,
      0, 255,   0, 255,   0, 255,   0, 255,   0, 255,   0, 255,   0, 255,   1, 255,
      1, 255,   1, 255,  16, 255,  40, 239,  70, 199, 129, 129,   0,   0,   0,   0,
      0,   0,   0,   0,   0,   0,   0,   0,   0,   0,   0,   0,   0,   0,   0,   0,
      0,   0,   0,   0,   0,   0,   0,   0,   0,   0,   0,   0,   0,   0,   0,   0,
      0,   0,   0,   0,   0,   0,   0,   0,   0,   0,   0,   0,   0,   0,   0,   0,
      0,   0,   0,   0,   0,   0,   0,   0,   0,   0,   0,   0,   0,   0,   0,   0,
      0,   0,   0,   0,   0,   0,   0,   0,   0,   0,   0,   0,   0,   0,   0,   0,
      0,   0,   0,   0,   0,   0,   0,   0,   0,   0,   0,   0,   0,   0,   0,   0,
      0,   0,   0,   0,   0,   0,   0,   0,   0,   0,   0,   0,   0,   0,   0,   0,
      0,   0,   0,   0,   0,   0,   0,   0,   0,   0,   0,   0,   0,   0,   0,   0,
      0,   0,   0,   0,   0,   0,   0,   0,   0,   0,   0,   0,   0,   0,   0,   0,
      0,   0,   0,   0,   0,   0,   0,   0,   0,   0,   0,   0,   0,   0,   0,   0,
      0,   0,   0,   0,   0,   0,   0,   0,   0,   0,   0,   0,   0,   0,   0,   0,
      0,   0,   0,   0,   0,   0,   0,   0,   0,   0, 192, 192,  49, 241, 138, 251,
    197, 253,  98, 254,   1, 255,   0, 255,   0, 255,   0, 255,   0, 255,   0, 255,
      0, 255,   0, 255,   0, 255,  32, 255,  96, 255,  32, 255,  16, 255,  48, 255,
    176, 255, 216, 255, 224, 255, 224, 255, 224, 255, 128, 255,   0, 255,   0, 255,
      0, 255,   0, 255,   0, 255,   0, 255,   8, 255,  24, 255, 243, 255,  44,  60,
     16,  16,   0,   0,   0,   0,   0,   0,   0,   0,   0,   0,   0,   0,   0,   0,
      0,   0,   0,   0,   0,   0,   0,   0,   0,   0,   0,   0,   0,   0,   0,   0,
      0,   0,   0,   0,   0,   0,   0,   0,   0,   0,   0,   0,   0,   0,   0,   0,
      0,   0,   0,   0,   0,   0,   0,   0,   0,   0,   0,   0,   0,   0,   0,   0,
      0,   0,   0,   0,   0,   0,   0,   0,   0,   0,   0,   0,   0,   0,   0,   0,
      0,   0,   0,   0,   0,   0,   0,   0,   0,   0,   0,   0,   0,   0,   0,   0,
      0,   0,   0,   0,   0,   0,   0,   0,   0,   0,   0,   0,   0,   0,   0,   0,
      0,   0,   0,   0,   0,   0,   0,   0,   0,   0,   0,   0,   0,   0,   0,   0,
      0,   0,   0,   0,   0,   0,   0,   0,   0,   0,   0,   0,   0,   0,   0,   0,
      0,   0,   0,   0,   0,   0,   0,   0,   0,   0,   0,   0,   0,   0,   0,   0,
      0,   0,   0,   0,   0,   0,   0,   0,   0,   0,   0,   0,   0,   0,   0,   0,
      0,   0,   0,   0,   0,   0,  32,  32,  80, 112,  81, 113,  74, 123,  69, 125,
     67, 127, 224, 255,   0, 255, 128, 255,   0, 255,   0, 255,   0, 255,   0, 255,
      0, 255,   0, 255, 140, 255, 192, 255, 128, 255, 128, 255, 192, 255, 254, 255,
    243, 255, 227, 255, 245, 255, 227, 255, 195, 255, 227, 255, 251, 255, 120, 255,
     64, 255,  40, 255, 192, 255,  64, 127,  64, 127,  94, 127,  36,  39,   3,   3,
      0,   0,   0,   0,   0,   0,   0,   0,   0,   0,   0,   0,   0,   0,   0,   0,
      0,   0,   0,   0,   0,   0,   0,   0,   0,   0,   0,   0,   0,   0,   0,   0,
      0,   0,   0,   0,   0,   0,   0,   0,   0,   0,   0,   0,   0,   0,   0,   0,
      0,   0,   0,   0,   0,   0,   0,   0,   0,   0,   0,   0,   0,   0,   0,   0,
      0,   0,   0,   0,   0,   0,   0,   0,   0,   0,   0,   0,   0,   0,   0,   0,
      0,   0, 252, 252,   2, 254, 253, 255, 205, 255, 133, 255, 133, 255, 125, 255,
     13, 255,   2, 254, 204, 252, 242, 254, 121, 255, 253, 255, 221, 255,   1, 255,
      6, 254, 194, 254, 253, 255, 253, 255,  61, 255,   5, 255,   2, 254, 204, 252,
     48,  48, 128, 128, 112, 240, 140, 252, 242, 254, 141, 255, 253, 255, 226, 254,
      4, 252,  26, 250,  29, 255, 193, 255, 253, 255,  69, 255, 197, 255, 189, 255,
      2, 254,   2, 254, 154, 254,  26, 254, 249, 255, 125, 255,  29, 255,  29, 255,
      1, 255, 178, 254, 153, 255, 157, 255, 189, 255, 185, 255, 130, 254,  12, 252,
    240, 240,   3,   3,   4,   7,  43,  47,  95, 127,  32,  63, 216, 223,  48, 255,
     96, 255,  96, 255,  64, 255,  27, 255, 119, 255,  47, 255,  15, 255,  26, 255,
     27, 255,  25, 255,  12, 255,  15, 255,   7, 255,   3, 255,   4, 255,   4, 255,
      8, 255,  20, 247,  37, 231,  37, 231,  18, 242,   8, 248,  48, 240, 192, 192,
     64, 192, 160, 224,  98, 126, 153, 255,  61, 255, 250, 254, 242, 254, 140, 252,
     16, 240, 140, 252, 242, 254, 250, 254,  26, 254,   4, 252, 140, 252, 226, 254,
    253, 255, 125, 255, 221, 255,   1, 255,   2, 254, 138, 254,  26, 254, 250, 254,
    250, 254,  26, 254,   2, 254,   2, 254, 250, 254,  26, 254,  26, 254,  58, 254,
    244, 252, 244, 252, 100, 252,  24, 248,  32, 224, 192, 192,   0,   0,   0,   0,
      0,   0,  63,  63,  64, 127,  95, 127, 159, 255, 129, 255, 129, 255, 120, 127,
     64, 127,  95, 127, 159, 255, 155, 255, 140, 255,  76, 127,  79, 127,  71, 127,
     64, 127, 131, 255, 155, 255, 152, 255, 152, 255, 156, 255, 157, 255, 141, 255,
    138, 254, 129, 255, 190, 255, 159, 255, 129, 255,  64, 127,  65, 127,  95, 127,
     95, 127,  80, 127,  64, 127, 143, 255, 159, 255, 128, 255, 128, 255, 111, 127,
     79, 127,  64, 127,  64, 127,  94, 127, 153, 255, 184, 255, 136, 255, 130, 255,
     88, 127,  92, 127,  76, 127, 134, 255, 131, 255,  65, 127,  32,  63,  16,  31,
      9,  15,   6,   6,   0,   0,  16,  16, 174, 190,  73, 255,   1, 255,   0, 255,
      0, 255,   0, 255,   0, 255,   0, 255,   0, 255,   0, 255,   0, 255, 244, 255,
    248, 255, 250, 255, 250, 255, 252, 255,   6, 255,   0, 255,   0, 255,   0, 255,
      0, 255,   0, 255,   0, 255,   0, 255,   0, 255,   0, 255,   0, 255,   0, 255,
      0, 255, 180, 255,  87,  95,   9,   9,   6,   7,  24,  31,  35,  63,  79, 127,
     92, 127, 143, 255, 131, 255, 128, 255,  96, 127,  92, 127, 159, 255, 155, 255,
    140, 255,  76, 127,  79, 127,  71, 127,  64, 127,  65, 127,  92, 127, 159, 255,
    152, 255, 186, 255, 128, 255, 143, 255, 191, 255, 188, 255, 142, 255, 135, 255,
    131, 255,  96, 127,  16,  31,   8,  15,   6,   7,   1,   1,   0,   0,   0,   0,
      0,   0,   0,   0,   0,   0,   0,   0,   0,   0,   0,   0,   0,   0,   0,   0,
      0,   0,   0,   0,   0,   0,   0,   0,   0,   0,   0,   0,   0,   0,   0,   0,
      0,   0,   0,   0,   0,   0,   0,   0,   0,   0,   0,   0,   0,   0,   0,   0,
      0,   0,   0,   0,   0,   0,   0,   0,   0,   0,   0,   0,   0,   0,   0,   0,
      0,   0,   0,   0,   0,   0,   0,   0,   0,   0,   0,   0,   0,   0,   0,   0,
      0,   0,   0,   0,   0,   0,   0,   0,   0,   0,   0,   0,   0,   0,   0,   0,
      0,   0,   0,   0,   0,   0,   0,   0,   0,   0,   0,   0,   0,   0,   0,   0,
      0,   0,   0,   0,   0,   0, 112, 112, 143, 255,   0, 255,   0, 255,   0, 255,
      4, 255,  12, 255,   0, 255,   0, 255,   0, 255,   0, 255,   0, 255,   7, 255,
      7, 255,   7, 255,   7, 255,   7, 255,  48, 255,   0, 255,  24, 255,  28, 255,
     30, 255,  30, 255,  31, 255,  29, 255,  13, 255,   1, 255,   0, 255, 192, 255,
     62,  63,   1,   1,   0,   0,   0,   0,   0,   0,   0,   0,   0,   0,   0,   0,
      0,   0,   0,   0,   0,   0,   0,   0,   0,   0,   0,   0,   0,   0,   0,   0,
      0,   0,   0,   0,   0,   0,   0,   0,   0,   0,   0,   0,   0,   0,   0,   0,
      0,   0,   0,   0,   0,   0,   0,   0,   0,   0,   0,   0,   0,   0,   0,   0,
      0,   0,   0,   0,   0,   0,   0,   0,   0,   0,   0,   0,   0,   0,   0,   0,
      0,   0,   0,   0,   0,   0,   0,   0,   0,   0,   0,   0,   0,   0,   0,   0,
      0,   0,   0,   0,   0,   0,   0,   0,   0,   0,   0,   0,   0,   0,   0,   0,
      0,   0,   0,   0,   0,   0,   0,   0,   0,   0,   0,   0,   0,   0,   0,   0,
      0,   0,   0,   0,   0,   0,   0,   0,   0,   0,   0,   0,   0,   0,   0,   0,
      0,   0,   0,   0,   0,   0,   0,   0,   0,   0,   0,   0,   0,   0,   0,   0,
      0,   0,   0,   0,   0,   0,   0,   0,   0,   0,   0,   0,   0,   0,   0,   0,
      0,   0,   0,   0,   0,   0,   0,   0,   0,   0,   0,   0,   0,   0,   0,   0,
      0,   0,   0,   0,   0,   0, 128, 128, 143, 143,  80, 223, 160, 255, 192, 255,
    192, 255, 128, 255,   0, 255,   0, 255,   0, 255,   0, 255,   0, 255,   0, 255,
      0, 255,   0, 255,   0, 255,   0, 255,   0, 255,   0, 255,   0, 255,   0, 255,
      0, 255, 128, 255,   0, 255,   0, 255,   0, 255, 224, 255,  16,  31,  15,  15,
      0,   0,   0,   0,   0,   0,   0,   0,   0,   0,   0,   0,   0,   0,   0,   0,
      0,   0,   0,   0,   0,   0,   0,   0,   0,   0,   0,   0,   0,   0,   0,   0,
      0,   0,   0,   0,   0,   0,   0,   0,   0,   0,   0,   0,   0,   0,   0,   0,
      0,   0,   0,   0,   0,   0,   0,   0,   0,   0,   0,   0,   0,   0,   0,   0,
      0,   0,   0,   0,   0,   0,   0,   0,   0,   0,   0,   0,   0,   0,   0,   0,
      0,   0,   0,   0,   0,   0,   0,   0,   0,   0,   0,   0,   0,   0,   0,   0,
      0,   0,   0,   0,   0,   0,   0,   0,   0,   0,   0,   0,   0,   0,   0,   0,
      0,   0,   0,   0,   0,   0,   0,   0,   0,   0,   0,   0,   0,   0,   0,   0,
      0,   0,   0,   0,   0,   0,   0,   0,   0,   0,   0,   0,   0,   0,   0,   0,
      0,   0,   0,   0,   0,   0,   0,   0,   0,   0,   0,   0,   0,   0,   0,   0,
      0,   0,   0,   0,   0,   0,   0,   0,   0,   0,   0,   0,   0,   0,   0,   0,
      0,   0,   0,   0,   0,   0,   0,   0,   0,   0,   0,   0, 128, 128,  96, 224,
     28, 252,   2, 254,   1, 255,   0, 255,   2, 255,   7, 255,   7, 255,  15, 255,
     15, 255,  15, 255,  31, 255,  31, 255,  31, 255,  29, 255,  31, 255,  63, 255,
     62, 255,  62, 255,  60, 255,  60, 255,  56, 255,  48, 255,   0, 255,   3, 255,
     29, 253, 231, 231, 248, 255,   0, 255,   0, 255, 255, 255,   0,   0,   0,   0,
      0,   0,   0,   0,   0,   0,   0,   0,   0,   0,   0,   0,   0,   0,   0,   0,
      0,   0,   0,   0,   0,   0,   0,   0,   0,   0,   0,   0,   0,   0,   0,   0,
      0,   0,   0,   0,   0,   0,   0,   0,   0,   0,   0,   0,   0,   0,   0,   0,
      0,   0,   0,   0,   0,   0,   0,   0,   0,   0,   0,   0,   0,   0,   0,   0,
      0,   0,   0,   0,   0,   0,   0,   0,   0,   0,   0,   0,   0,   0,   0,   0,
      0,   0, 
};
